Word,uniqueID,be.moved_freq_1,be.moved_freq_2,be.moved_freq_3,be.moved_freq_4,be.moved_freq_5,be.moved_freq_6,be.moved_freq_7
aardvark,aardvark,1,10,15,5,3,3,1
abacus,abacus,0,0,4,0,10,16,9
accordion,accordion,0,1,6,3,10,11,5
acorn,acorn,0,0,0,0,0,9,26
air conditioner,air_conditioner,7,11,13,1,6,0,0
air mattress,air_mattress,0,0,4,3,8,8,13
air pump,air_pump,0,0,0,0,8,14,16
airbag,airbag,4,7,9,6,5,3,3
airboat,airboat,2,2,6,1,11,11,4
aircraft carrier,aircraft_carrier,13,6,5,4,5,2,1
airplane,airplane,6,7,11,2,7,3,2
album,album,0,0,0,1,6,13,18
alligator,alligator,15,18,5,0,1,0,1
almond,almond,0,0,0,1,1,7,26
aloe,aloe,0,2,1,4,7,16,8
alpaca,alpaca,4,11,12,2,4,2,1
altar,altar,8,10,14,2,3,2,0
aluminum foil,aluminum_foil,0,0,0,1,1,12,23
amber,amber,1,1,2,8,7,10,7
ambulance,ambulance,2,2,5,2,6,7,12
amplifier,amplifier,0,2,10,5,10,7,2
anchor,anchor,15,14,4,3,0,0,1
ankle,ankle,0,1,0,4,3,14,15
anklet,anklet,0,1,1,0,2,8,24
ant,ant,1,1,1,2,9,7,15
anteater,anteater,3,9,13,3,7,2,0
antelope,antelope,11,6,11,4,2,2,0
antenna,antenna,2,10,11,1,12,1,1
anvil,anvil,15,14,5,0,2,0,0
appetizer,appetizer,0,0,0,0,0,11,26
apple,apple,0,0,0,0,0,7,31
apple tree,apple_tree,23,8,3,2,0,2,0
applesauce,applesauce,0,1,2,4,5,13,11
apron,apron,0,0,0,0,2,9,24
aquarium,aquarium,8,13,11,1,4,1,1
arch,arch,35,2,1,0,0,0,0
arm,arm,0,0,0,1,3,17,17
armor,armor,1,7,8,4,9,6,3
arrow,arrow,0,1,1,1,6,14,16
artichoke,artichoke,0,0,1,1,2,16,18
arugula,arugula,0,0,0,0,3,6,30
ashtray,ashtray,0,0,1,1,2,9,25
asparagus,asparagus,0,0,1,3,3,18,13
avocado,avocado,0,0,1,0,0,12,24
awning,awning,3,11,6,2,7,5,1
axe,axe,0,3,2,3,13,13,5
baby,baby,0,0,0,2,3,14,17
backdrop,backdrop,0,6,7,3,9,9,3
backgammon,backgammon,1,0,2,2,2,17,14
backpack,backpack,0,0,2,1,6,13,17
backscratcher,backscratcher,0,0,0,1,1,7,29
bacon,bacon,0,0,1,0,0,12,23
badge,badge,0,0,0,1,3,5,28
badger,badger,8,4,9,8,4,4,1
bag,bag,0,0,0,0,3,8,26
bagel,bagel,0,0,0,0,1,6,30
bagpipe,bagpipe,0,0,4,3,10,15,5
baklava,baklava,0,0,0,1,4,12,22
balance beam,balance_beam,14,13,4,2,4,2,0
ball,ball,0,0,0,0,1,9,28
balloon,balloon,0,0,0,0,2,10,24
ballot box,ballot_box,0,0,3,6,5,15,7
bamboo,bamboo,1,4,4,5,10,13,3
banana,banana,0,0,0,1,0,8,29
banana peel,banana_peel,0,0,1,0,2,11,26
banana split,banana_split,1,0,3,2,4,15,14
bandage,bandage,0,0,1,1,3,9,23
bandanna,bandanna,0,0,0,0,0,7,28
banjo,banjo,0,0,3,1,5,13,15
bank,bank,3,1,1,5,10,11,8
banner,banner,1,0,3,3,16,12,5
barbed wire,barbed_wire,9,13,8,3,2,1,0
barbell,barbell,5,5,6,1,13,4,2
barcode,barcode,3,9,5,7,5,3,7
bark,bark,2,1,4,4,15,8,5
barnacle,barnacle,2,6,7,7,6,4,4
barrel,barrel,2,8,12,5,6,3,1
barrette,barrette,0,0,0,0,1,10,25
baseball,baseball,0,0,0,1,2,7,28
baseball bat,baseball_bat,0,1,1,0,1,16,17
baseball glove,baseball_glove,0,1,1,0,1,12,21
basil,basil,1,0,0,3,4,13,18
basket,basket,0,1,1,0,2,17,18
basketball,basketball,0,0,0,0,4,10,25
basketball hoop,basketball_hoop,6,8,4,5,7,3,4
bassinet,bassinet,1,3,7,2,9,9,6
bassoon,bassoon,0,0,5,3,7,15,8
bat,bat1,4,10,4,2,7,8,2
bat,bat2,0,0,0,0,4,9,24
bathmat,bathmat,0,1,0,1,5,11,21
bathrobe,bathrobe,0,0,0,1,3,8,24
bathtub,bathtub,20,6,7,1,0,1,0
baton,baton1,0,0,0,0,4,14,21
baton,baton2,0,1,0,0,4,15,17
baton,baton3,0,2,0,1,2,12,23
baton,baton4,0,1,0,0,3,9,24
batter,batter,0,1,2,3,7,18,6
battery,battery,0,1,0,0,3,9,26
bazooka,bazooka,1,6,11,4,9,5,2
beachball,beachball,0,0,0,0,1,7,31
bead,bead,0,0,0,0,0,4,34
beaker,beaker,0,0,0,0,1,13,25
bean,bean,0,0,1,1,1,9,28
beanbag,beanbag,0,1,1,1,13,15,7
beanie,beanie,0,0,0,1,1,5,30
bear,bear,26,8,1,1,0,1,1
beard,beard,7,5,3,6,10,2,4
beaver,beaver,4,6,9,5,8,5,1
bed,bed,1,12,16,1,3,2,0
bedpan,bedpan,0,0,0,2,9,13,12
bedpost,bedpost,0,9,13,2,9,4,2
bee,bee,2,4,9,5,10,6,1
beehive,beehive,17,10,6,0,0,2,0
beer,beer,1,0,2,3,7,11,12
beet,beet,0,0,0,1,1,15,21
beetle,beetle,0,1,2,4,5,12,15
bell,bell,0,1,1,7,13,12,3
bell pepper,bell_pepper,0,0,0,0,1,8,27
belt,belt,0,0,0,0,1,13,24
belt buckle,belt_buckle,0,0,1,1,4,11,20
bench,bench,1,13,18,0,3,1,0
berry,berry,0,0,0,1,1,4,30
bib,bib,0,0,2,0,2,3,29
bike,bike,0,0,1,0,5,14,18
bikini,bikini,0,0,0,1,1,11,23
bin,bin,0,0,3,1,15,9,8
binder,binder,0,0,0,0,3,12,21
binoculars,binoculars,0,0,0,0,3,17,17
bird,bird,4,5,4,4,10,4,4
birdbath,birdbath,4,13,12,4,3,0,0
birdcage,birdcage,0,3,6,0,11,13,7
birdhouse,birdhouse,1,1,6,2,6,13,10
birthday cake,birthday_cake,0,0,4,2,8,13,12
biscuit,biscuit,0,0,1,0,0,5,33
bison,bison,16,11,5,1,4,0,0
blackberry,blackberry,0,0,0,3,1,4,30
blanket,blanket,0,1,0,0,2,17,17
blazer,blazer,1,0,0,0,4,10,22
blender,blender,0,0,1,0,12,10,15
blimp,blimp,12,4,4,1,10,5,3
blind,blind,0,0,2,1,9,14,11
blinder,blinder,0,0,1,3,7,13,11
blindfold,blindfold,0,0,0,2,0,7,27
block,block,0,0,1,2,7,15,11
blouse,blouse,0,0,0,1,2,11,25
blower,blower,0,1,7,2,15,11,2
blowfish,blowfish,5,3,8,7,8,5,1
blowgun,blowgun,0,0,1,1,4,11,18
blowtorch,blowtorch,0,1,0,1,4,20,11
blueberry,blueberry,0,0,0,1,2,5,30
boa,boa,0,0,0,0,1,7,27
boar,boar,11,13,7,2,4,3,0
board,board,0,0,7,6,17,8,1
board game,board_game,0,0,0,0,4,17,16
boat,boat,1,4,6,3,10,11,1
bobsled,bobsled,3,1,10,3,11,8,3
bok choy,bok_choy,0,0,0,0,4,13,20
bolo tie,bolo_tie,0,0,1,0,1,7,28
bologna,bologna,1,0,1,0,3,19,14
bolt,bolt,0,0,0,1,9,16,12
bomb,bomb,12,16,6,3,1,1,0
bone,bone,1,0,0,5,6,10,13
bongo,bongo,0,1,2,0,14,13,9
bonnet,bonnet,0,0,0,0,2,12,24
bonsai,bonsai,0,2,4,2,12,10,7
book,book,0,0,0,0,1,9,29
bookmark,bookmark,0,0,0,0,1,11,27
bookshelf,bookshelf,7,14,9,3,3,0,0
boomerang,boomerang,0,1,1,1,2,6,26
boot,boot,0,0,1,0,3,5,27
bottle,bottle,0,1,0,0,2,15,21
bottle opener,bottle_opener,0,1,0,0,2,7,25
boulder,boulder,31,6,3,0,0,0,0
bouquet,bouquet,0,0,1,0,1,10,25
bow,bow1,0,0,0,0,1,8,26
bow,bow2,0,0,2,1,9,22,4
bow,bow3,0,0,0,0,3,8,27
bowl,bowl,0,0,0,0,2,13,23
bowler hat,bowler_hat,1,0,0,0,2,11,21
bowling ball,bowling_ball,0,0,4,1,8,12,11
bowtie,bowtie,1,1,0,2,2,5,25
box,box,0,0,2,6,15,9,5
boxer shorts,boxer_shorts,0,0,0,0,2,6,30
boxing gloves,boxing_gloves,0,0,1,0,1,18,18
boy,boy,0,0,11,8,9,8,3
bra,bra,1,0,0,0,3,10,21
brace,brace,0,0,1,2,3,9,23
bracelet,bracelet1,1,0,0,0,2,6,28
bracelet,bracelet2,0,0,0,0,1,10,29
bracket,bracket,0,3,7,4,6,5,9
braid,braid,1,0,0,5,8,9,12
brake,brake,0,0,4,3,18,6,6
branch,branch,0,5,5,3,16,5,3
brass knuckles,brass_knuckles,1,0,1,1,3,14,18
bread,bread,0,0,0,0,1,8,27
breadbox,breadbox,0,0,3,3,16,11,6
breadstick,breadstick,0,0,0,2,2,10,24
breakfast,breakfast,1,1,0,4,6,13,14
breathalyzer,breathalyzer,0,0,0,2,2,6,27
brick,brick,2,0,2,0,15,15,6
briefcase,briefcase,0,0,0,0,3,17,17
broccoli,broccoli,0,0,0,0,2,8,27
brooch,brooch,0,0,0,0,2,4,29
broom,broom,0,0,0,0,1,12,26
brownie,brownie,0,0,0,0,0,8,29
brush,brush,0,0,0,1,1,5,26
brussels sprouts,brussels_sprouts,0,0,0,1,1,13,24
bubble,bubble,7,3,5,3,3,7,8
bubble wrap,bubble_wrap,0,0,0,0,3,10,24
bucket,bucket,0,0,1,1,6,18,9
buckle,buckle,0,0,0,3,3,12,21
buffet,buffet,3,9,11,2,7,3,0
bug,bug,1,4,2,0,5,17,8
buggy,buggy,0,1,8,2,10,11,4
bull,bull,18,11,5,1,2,0,2
bulldozer,bulldozer,4,2,7,5,10,6,2
bullet,bullet,0,0,0,1,6,8,21
bulletin board,bulletin_board,0,3,13,1,10,7,4
bulletproof vest,bulletproof_vest,1,0,1,3,4,21,6
bumper,bumper,4,8,9,2,9,5,2
bun,bun,0,0,0,0,1,6,29
bungee,bungee,0,0,0,1,2,17,17
bunkbed,bunkbed,12,11,11,1,5,0,0
buoy,buoy,1,1,6,3,15,11,3
burner,burner,6,6,7,3,8,7,1
burrito,burrito,0,0,0,1,6,10,19
bus,bus,9,5,5,3,7,6,3
bush,bush,12,15,7,1,2,1,1
butter,butter,0,1,0,0,6,15,14
butterfly,butterfly,1,6,5,2,5,14,6
button,button1,0,0,0,3,2,6,26
button,button2,1,3,2,3,7,9,12
cabbage,cabbage,0,0,0,1,4,14,19
cabinet,cabinet,14,15,4,2,1,2,0
cable,cable,0,0,3,3,6,14,11
cactus,cactus,12,13,5,4,1,1,0
cage,cage,0,0,5,5,15,9,2
cake,cake,0,1,1,2,11,11,11
cake mix,cake_mix,1,1,1,4,5,12,13
calamari,calamari,0,0,0,0,3,12,22
calculator,calculator,0,0,0,0,1,13,24
calf,calf1,0,6,12,1,9,5,1
calf,calf2,0,2,2,2,5,18,5
calzone,calzone,0,0,0,0,5,9,23
camcorder,camcorder,0,0,0,0,6,11,20
camel,camel,6,6,10,2,8,2,1
camera lens,camera_lens,0,0,0,0,3,21,14
camera,camera1,0,0,0,3,3,8,23
camera,camera2,0,0,3,0,6,17,13
camper,camper,4,2,2,4,7,12,7
can,can,0,0,0,0,1,13,24
can opener,can_opener,0,0,0,1,6,12,20
candelabra,candelabra,0,1,0,0,8,20,11
candle,candle,0,0,0,1,1,15,20
candlestick,candlestick,0,0,0,1,7,13,19
candy,candy,0,0,0,0,1,8,24
candy bar,candy_bar,0,0,0,0,1,5,33
candy cane,candy_cane,0,0,0,0,0,7,29
cane,cane,0,0,0,0,1,10,25
canister,canister,0,0,0,1,9,14,14
cannon,cannon,10,15,4,3,5,1,0
cannonball,cannonball,8,10,12,1,3,3,0
canoe,canoe,1,6,9,4,11,5,2
cantaloupe,cantaloupe,0,0,2,0,10,12,13
canvas,canvas,0,1,0,2,9,12,15
cap,cap,0,0,0,1,2,7,29
cape,cape,0,0,0,0,3,16,17
car,car,6,0,0,3,5,9,15
car door,car_door,1,2,1,0,10,16,7
car seat,car_seat,4,4,10,5,10,3,2
caramel,caramel,0,0,2,3,2,10,21
card,card,0,0,1,0,1,5,31
cardboard,cardboard,1,0,0,0,8,14,15
cardigan,cardigan,0,0,0,0,0,10,26
cardinal,cardinal,6,3,4,5,8,8,5
carousel,carousel,18,3,5,3,4,4,0
carriage,carriage,2,2,5,1,16,10,3
carrot,carrot,0,0,0,0,4,6,27
cart,cart,0,1,1,1,12,11,10
cash machine,cash_machine,17,6,5,4,1,0,1
cash register,cash_register,3,2,11,3,8,9,0
cashew,cashew,0,0,0,0,0,5,32
casserole,casserole,0,0,1,0,5,23,8
cassette,cassette,0,0,1,1,2,8,27
cat,cat,0,1,2,3,12,12,9
catapult,catapult,7,11,11,2,4,2,1
caterpillar,caterpillar,0,0,2,0,7,11,14
catfish,catfish,1,5,7,4,13,6,3
cauliflower,cauliflower,0,1,0,1,7,9,22
caviar,caviar,0,1,0,2,9,11,16
cd player,cd_player,0,0,0,0,4,10,19
celery,celery,0,0,0,2,1,11,24
cello,cello,0,0,10,2,11,12,3
cellphone,cellphone,0,0,0,1,1,10,25
cement mixer,cement_mixer,6,16,7,5,3,0,1
centerpiece,centerpiece,1,2,4,1,16,10,3
centrifuge,centrifuge,3,7,12,5,7,3,0
cereal,cereal,0,0,0,1,5,12,19
chain,chain,0,3,6,5,13,8,5
chainsaw,chainsaw,1,1,6,5,14,8,3
chair,chair,0,0,2,4,9,15,7
chalice,chalice,0,0,2,2,12,10,10
chalk,chalk,0,0,0,0,2,10,26
chalkboard,chalkboard,5,8,14,4,6,2,0
champagne,champagne,0,2,1,0,8,13,12
chandelier,chandelier,11,12,10,0,3,1,1
chaps,chaps,0,0,0,1,3,17,15
charcoal,charcoal,1,1,1,2,6,16,11
charger,charger,0,0,0,1,2,7,28
chariot,chariot,1,6,7,4,8,9,2
checkbook,checkbook,0,0,0,0,3,2,31
checkers,checkers,0,0,0,0,1,14,22
cheese,cheese,0,1,0,1,6,12,18
cheeseburger,cheeseburger,0,0,0,2,1,11,25
cheesecake,cheesecake,0,0,0,2,5,15,15
cheetah,cheetah,12,17,5,3,1,1,1
cherry,cherry,0,0,0,0,0,6,33
chess piece,chess_piece,0,0,0,1,1,7,29
chessboard,chessboard,0,0,0,1,6,15,14
chest,chest1,0,4,6,7,8,7,4
chest,chest2,1,9,11,4,9,2,1
chick,chick,0,0,1,2,7,13,16
chicken wire,chicken_wire,2,1,7,3,15,4,5
chicken,chicken1,0,1,1,1,8,15,11
chicken,chicken2,0,2,7,5,13,3,6
chickpea,chickpea,0,0,0,0,2,6,29
chihuahua,chihuahua,0,0,1,1,7,18,11
chili,chili,0,2,1,3,7,17,7
chime,chime,0,2,4,2,7,16,4
chimney,chimney,34,4,0,1,0,0,0
chin,chin,3,2,0,3,7,11,10
chinaware,chinaware,0,0,0,4,7,11,18
chinchilla,chinchilla,1,1,2,3,7,8,8
chip,chip,0,0,1,1,3,10,24
chipmunk,chipmunk,1,4,2,4,8,8,11
chips,chips,0,0,0,0,1,8,30
chisel,chisel,0,1,1,1,4,15,17
chive,chive,0,0,0,1,2,7,29
chocolate,chocolate,0,0,0,0,1,11,24
chopsticks,chopsticks,0,0,1,1,4,12,19
christmas card,christmas_card,0,0,0,0,0,13,26
christmas tree,christmas_tree,0,12,12,4,5,1,0
chute,chute,10,11,11,0,3,0,1
cigar,cigar,0,0,0,0,1,8,24
cigarette,cigarette,0,0,1,1,0,11,24
cigarette butt,cigarette_butt,1,0,1,0,0,8,26
cigarette holder,cigarette_holder,0,0,0,2,0,9,25
cilantro,cilantro,0,0,1,2,2,9,24
cinnamon,cinnamon,0,0,0,0,0,7,32
clam,clam,0,0,0,0,2,11,24
clarinet,clarinet,0,1,1,2,1,12,19
clasp,clasp,0,0,1,1,4,15,19
clay,clay,0,0,4,0,8,12,11
cleat,cleat,0,1,1,2,6,7,19
cleaver,cleaver,0,0,0,2,2,14,19
clipboard,clipboard,0,0,0,0,1,9,26
clipper,clipper1,0,0,0,0,5,21,11
clipper,clipper2,0,0,0,1,0,9,28
cloak,cloak,0,0,0,1,4,12,20
clock,clock,0,1,7,5,15,8,2
closet,closet,18,7,4,2,3,2,0
clothes,clothes,1,0,0,0,2,8,22
clothesline,clothesline,2,4,5,2,5,6,11
clothespin,clothespin,0,0,0,0,6,4,27
cloud,cloud,21,3,3,5,3,1,1
clove,clove,0,0,0,0,2,5,28
clover,clover,0,0,0,2,3,13,20
coal,coal,0,2,3,5,9,12,5
coaster,coaster,0,0,1,0,0,6,29
coat,coat,0,0,1,2,2,10,22
coat rack,coat_rack,0,0,7,3,11,9,9
cobra,cobra,6,6,9,4,2,5,3
cockatoo,cockatoo,0,3,6,4,13,9,4
cockroach,cockroach,2,1,6,5,6,12,6
cocktail,cocktail,0,0,0,1,2,14,21
coconut,coconut,0,0,0,0,6,9,22
cocoon,cocoon,0,1,1,2,4,14,15
coffee,coffee,0,2,2,2,6,11,12
coffee bean,coffee_bean,0,0,0,0,1,11,23
coffee filter,coffee_filter,0,0,0,0,2,4,30
coffee pot,coffee_pot,0,0,0,1,3,14,18
coffee table,coffee_table,1,3,9,3,16,4,1
coffeemaker,coffeemaker,0,0,1,2,7,14,11
coffin,coffin,5,12,16,0,4,2,0
coil,coil,0,1,6,4,11,8,6
coin,coin,0,0,0,0,0,14,24
coleslaw,coleslaw,0,1,2,1,0,15,19
collar,collar,0,0,1,0,3,16,18
column,column,27,8,1,0,0,0,0
comb,comb,0,0,0,0,0,5,31
combination lock,combination_lock,0,1,0,1,6,10,20
comic book,comic_book,0,0,0,0,4,8,26
compass,compass,0,0,0,0,4,10,21
compost,compost,2,7,6,0,15,6,3
computer,computer,1,1,15,6,9,6,0
computer screen,computer_screen,0,0,4,3,16,9,5
confetti,confetti,0,2,1,3,3,12,18
contact lens,contact_lens,1,1,3,1,5,10,17
container,container,20,12,2,1,1,0,0
cooker,cooker,0,1,1,1,13,17,7
cookie,cookie,1,1,0,0,1,9,24
cookie cutter,cookie_cutter,0,0,0,0,1,7,28
cookie sheet,cookie_sheet,0,0,0,0,5,15,18
cooler,cooler,1,3,2,2,19,3,8
coop,coop,12,15,7,1,1,0,0
copier,copier,5,9,12,0,4,4,2
coral,coral,9,14,7,3,4,0,0
cord,cord,0,0,0,0,1,8,28
cordon bleu,cordon_bleu,0,1,0,1,1,20,15
cork,cork,0,1,1,1,4,4,25
corkboard,corkboard,0,0,1,4,11,14,8
corkscrew,corkscrew,0,0,1,1,1,10,23
corn,corn,0,0,2,0,2,15,19
cornbread,cornbread,0,0,0,1,4,8,25
cornhusk,cornhusk,0,0,0,1,2,11,23
cornmeal,cornmeal,0,2,1,4,9,12,9
cornucopia,cornucopia,0,4,9,1,11,7,5
corsage,corsage,0,0,0,1,3,13,21
corset,corset,1,1,3,2,6,10,13
costume,costume,0,1,0,0,4,11,21
cot,cot,0,1,3,0,11,13,10
cotton candy,cotton_candy,0,0,1,0,2,9,25
couch,couch,3,13,14,1,4,2,0
cougar,cougar,19,9,5,3,0,3,0
counter,counter,24,8,4,1,0,0,0
coverall,coverall,0,0,0,0,3,12,21
cow,cow,14,12,8,0,3,1,2
coyote,coyote,8,8,8,3,6,4,1
crab,crab,2,4,7,6,8,6,4
cracker,cracker,0,0,0,0,1,10,24
cranberry,cranberry,0,0,0,0,1,6,28
crane,crane,8,7,6,5,8,3,1
crank,crank,1,0,10,1,10,11,5
crate,crate,6,10,11,1,6,2,1
crayfish,crayfish,0,0,1,2,8,17,11
crayon,crayon,0,0,0,1,0,7,30
cream,cream,0,0,0,1,6,12,18
cream cheese,cream_cheese,0,0,2,0,5,12,21
credit card,credit_card,1,0,0,1,1,5,32
creme brulee,creme_brulee,0,1,1,1,7,19,10
crepe,crepe,0,0,0,2,5,9,23
crib,crib,4,1,16,3,11,2,1
croissant,croissant,0,0,0,2,2,8,25
cross,cross,0,0,1,6,12,9,8
crossbow,crossbow,0,0,1,1,8,20,6
crouton,crouton,0,0,0,1,3,4,30
crow,crow,2,6,4,5,8,9,5
crowbar,crowbar,0,0,4,1,9,16,7
crown,crown,0,1,0,2,8,15,11
crucifix,crucifix,5,9,7,5,4,4,1
cruise ship,cruise_ship,7,4,5,6,10,4,1
crumb,crumb,0,0,0,0,6,9,22
crutch,crutch,0,2,0,2,12,10,13
crystal ball,crystal_ball,0,0,1,0,4,19,13
crystal,crystal1,1,0,3,5,11,8,6
crystal,crystal2,1,0,0,2,8,17,10
cuckoo clock,cuckoo_clock,0,1,7,2,9,10,9
cucumber,cucumber,0,0,0,1,0,14,24
cufflink,cufflink,0,0,0,1,4,7,27
cummerbund,cummerbund,0,1,0,1,3,3,27
cup,cup,0,0,0,0,1,11,24
cupcake,cupcake,0,0,0,1,1,8,30
curb,curb,31,3,0,3,0,0,0
curling iron,curling_iron,0,0,2,2,3,14,17
curry,curry,0,0,4,3,6,17,8
curtain,curtain,0,0,0,0,4,13,19
cushion,cushion,0,0,1,0,1,11,21
cutting board,cutting_board,0,0,0,1,3,8,25
cymbal,cymbal,1,0,1,0,8,14,14
dagger,dagger,0,0,0,3,10,15,12
daisy,daisy,0,0,0,2,5,8,22
dalmatian,dalmatian,0,2,6,5,7,11,4
dandelion,dandelion,0,0,0,0,1,12,25
dart,dart,0,0,0,1,1,9,27
dartboard,dartboard,0,1,0,3,7,21,6
dashboard,dashboard,13,14,4,4,2,0,2
deer,deer,10,11,7,2,3,3,2
defibrillator,defibrillator,0,0,1,3,12,15,8
denture,denture,0,1,0,2,7,13,15
deodorant,deodorant,0,0,0,0,1,13,23
desk,desk,4,9,16,2,3,2,1
dessert,dessert,0,0,0,1,2,12,22
detonator,detonator,1,1,2,4,8,18,4
dial,dial,1,0,0,0,4,14,19
diamond,diamond,0,0,1,3,5,11,19
diaper,diaper,0,0,1,0,2,11,25
dice,dice,0,0,0,0,2,6,31
dip,dip,0,1,1,1,11,10,12
dirt bike,dirt_bike,1,1,4,3,10,13,7
dish,dish,0,0,0,1,0,15,22
dishrag,dishrag,2,0,1,0,0,4,32
dishwasher,dishwasher,7,11,13,1,2,4,0
dishwashing liquid,dishwashing_liquid,2,1,1,1,5,11,17
diskette,diskette,0,0,1,0,1,8,24
diving board,diving_board,6,7,3,3,10,5,4
dog,dog,0,1,1,4,16,11,3
dogfood,dogfood,0,0,4,2,4,10,14
doghouse,doghouse,4,10,10,2,7,3,3
doily,doily,0,1,1,0,2,5,30
doll,doll,0,0,0,0,2,7,28
dollhouse,dollhouse,0,7,7,4,13,4,1
dolly,dolly,0,1,1,1,5,16,15
dolphin,dolphin,10,11,11,2,3,1,1
domino,domino,0,0,1,1,3,4,27
donkey,donkey,1,9,6,3,12,7,1
donut,donut,0,1,0,0,1,6,26
door,door,1,5,3,3,6,11,9
doorbell,doorbell,11,7,5,4,2,5,2
doorhandle,doorhandle,1,1,0,3,2,10,19
doorknob,doorknob,0,1,3,2,3,12,17
doorknocker,doorknocker,2,3,2,0,5,10,14
doormat,doormat,0,0,1,0,6,12,18
doorstop,doorstop,0,1,1,0,2,5,29
dough,dough,0,0,1,1,8,16,9
dragonfly,dragonfly,1,5,1,5,11,6,6
drain,drain,12,19,4,0,1,0,0
drawer,drawer,1,4,6,0,8,11,9
dreidel,dreidel,0,0,0,0,4,9,23
dress,dress,0,0,0,1,3,12,20
dresser,dresser,6,12,13,1,2,3,0
drill,drill,0,0,1,0,9,16,9
drink,drink,0,2,0,0,1,12,23
drum,drum,0,4,9,1,12,8,4
drumstick,drumstick,0,0,0,0,1,5,31
dryer,dryer,14,13,6,2,2,0,1
duck,duck,0,3,6,3,8,9,9
duckling,duckling,0,0,1,0,6,15,16
duct,duct,8,15,9,0,6,0,1
duct tape,duct_tape,2,0,5,0,6,16,9
duffel bag,duffel_bag,0,1,1,2,5,17,12
dumbbell,dumbbell,0,6,9,3,10,10,0
dumbwaiter,dumbwaiter,9,7,3,2,6,5,3
dumpling,dumpling,0,1,0,0,3,8,24
dumpster,dumpster,20,12,3,0,1,0,0
duster,duster,0,0,0,1,2,6,28
dustpan,dustpan,0,0,1,0,2,10,24
dynamite,dynamite,2,2,3,1,12,10,8
eagle,eagle,8,12,6,9,2,0,1
ear,ear,4,7,2,5,4,10,6
earplug,earplug,0,0,0,0,3,6,30
earring,earring,0,0,1,0,2,9,28
earwig,earwig,0,1,2,3,5,11,14
easel,easel,0,0,7,1,9,15,6
easter egg,easter_egg,0,0,0,1,0,10,26
eclair,eclair,0,0,0,0,1,10,24
eel,eel,4,10,8,5,9,1,0
egg,egg,0,0,0,0,2,6,27
egg roll,egg_roll,0,0,0,1,0,11,26
eggbeater,eggbeater,0,0,0,0,2,15,21
eggnog,eggnog,0,3,2,3,12,9,11
eggplant,eggplant,0,0,0,1,2,14,21
eggshell,eggshell,0,0,1,0,1,8,29
elbow,elbow,0,0,2,2,3,10,21
electric chair,electric_chair,12,11,8,3,0,2,1
elephant,elephant,15,16,4,1,0,1,0
emerald,emerald,0,1,1,6,8,7,15
enchilada,enchilada,0,2,1,2,4,9,21
engine,engine,16,16,3,2,1,0,1
envelope,envelope,0,0,0,0,1,5,32
eraser,eraser,0,0,0,0,0,8,30
espresso,espresso,0,0,1,2,10,10,15
exerciser,exerciser,0,2,6,3,10,10,7
exhaust pipe,exhaust_pipe,4,7,9,5,5,4,2
extinguisher,extinguisher,0,0,7,1,15,5,8
eye,eye,2,2,0,1,1,18,14
eye patch,eye_patch,0,0,0,0,1,11,24
eyedropper,eyedropper,0,0,0,1,1,8,25
eyeliner,eyeliner,0,0,1,0,4,7,24
eyepiece,eyepiece,0,0,0,0,2,8,29
face,face,1,4,3,7,6,10,7
face mask,face_mask,0,2,0,1,7,11,17
fan,fan,0,0,7,2,11,9,8
fast food,fast_food,0,0,1,1,2,12,19
faucet,faucet,3,8,8,3,5,5,6
feather,feather,0,0,0,0,1,9,30
fence,fence,12,10,10,2,4,0,0
fencepost,fencepost,11,16,6,1,2,0,2
fern,fern,0,1,4,2,10,5,13
ferret,ferret,0,2,2,5,9,16,6
ferris wheel,ferris_wheel,23,6,2,1,2,1,1
ferry,ferry,3,8,5,4,6,5,3
fig,fig,0,0,0,0,0,9,27
figurine,figurine,0,1,1,3,8,15,12
file,file1,0,0,0,0,1,7,27
file,file2,0,0,0,2,3,8,22
filing cabinet,filing_cabinet,9,10,16,0,2,0,0
film,film,0,0,1,0,4,13,21
filter,filter,0,0,0,3,7,10,14
finger,finger,0,0,0,1,2,5,29
fingerprint,fingerprint,16,5,2,5,5,3,1
fire,fire,14,7,5,4,8,1,1
fire alarm,fire_alarm,6,7,6,5,3,10,1
fire hydrant,fire_hydrant,30,7,2,1,0,0,0
fire pit,fire_pit,2,5,13,5,6,7,1
firecracker,firecracker,0,0,0,2,6,8,20
fireplace,fireplace,28,4,2,1,1,1,0
firetruck,firetruck,5,0,4,1,12,8,4
firewood,firewood,0,1,5,6,14,5,3
fireworks,fireworks,2,4,1,2,11,6,12
first-aid kit,first-aid_kit,0,0,1,0,4,8,25
fish,fish,1,4,3,3,6,16,4
fishbowl,fishbowl,0,1,5,3,9,15,5
fishhook,fishhook,0,0,2,2,2,6,21
fishing pole,fishing_pole,0,0,0,0,8,12,15
fishnet stockings,fishnet_stockings,0,0,2,0,3,11,19
flag,flag,0,0,1,0,5,18,14
flagpole,flagpole,18,9,4,0,4,1,0
flamethrower,flamethrower,0,4,4,6,16,7,1
flamingo,flamingo,2,2,9,8,10,2,1
flan,flan,0,3,1,3,8,9,14
flashbulb,flashbulb,0,1,0,2,6,16,12
flashlight,flashlight,0,0,0,0,3,11,25
flask,flask,0,0,0,1,0,10,28
flatiron,flatiron,0,0,1,0,1,14,21
flip-flop,flip_flop,0,0,0,1,0,6,25
flipper,flipper,0,0,1,2,7,7,22
float,float,0,0,1,2,9,10,17
floss,floss,0,0,1,0,2,9,24
flour,flour,1,2,0,3,13,9,9
flower,flower,0,0,0,4,6,10,18
flute,flute,0,0,0,0,2,13,23
fly,fly,10,1,5,1,3,5,13
flypaper,flypaper,0,1,3,0,8,9,17
flyswatter,flyswatter,0,0,0,0,2,9,24
foam,foam,0,0,1,1,3,16,17
folder,folder,0,0,0,0,0,11,23
fondue,fondue,1,2,3,2,10,8,12
food processor,food_processor,0,1,0,0,8,19,10
foot,foot,1,0,1,1,2,10,25
football,football,0,0,0,1,1,10,23
football helmet,football_helmet,0,1,0,1,5,16,17
footbath,footbath,5,7,9,3,8,1,2
footprint,footprint,19,9,3,6,0,0,0
footrest,footrest,0,1,4,3,6,20,5
fork,fork,0,0,0,1,2,3,29
forklift,forklift,4,4,6,5,8,5,3
fossil,fossil,4,5,4,9,8,2,3
fountain pen,fountain_pen,0,0,0,0,1,4,30
fox,fox,6,13,7,4,4,3,1
frame,frame,1,0,1,0,8,12,16
freezer,freezer,15,17,5,0,0,2,0
french fries,french_fries,0,1,0,0,2,6,29
french horn,french_horn,0,0,3,3,11,15,6
frisbee,frisbee,0,0,0,0,1,7,30
frog,frog,1,2,7,4,8,9,7
fruit,fruit,0,0,0,1,5,17,15
fruitcake,fruitcake,0,0,2,0,5,13,18
fudge,fudge,0,0,0,0,1,12,25
fungus,fungus,0,2,5,2,9,9,13
funnel,funnel,0,0,0,0,1,6,30
fur coat,fur_coat,0,0,0,2,5,17,13
furnace,furnace,26,8,2,0,1,0,0
fuse,fuse,0,0,1,0,5,10,19
gallows,gallows,18,13,3,1,2,0,2
game,game,0,0,1,2,6,16,12
garbage,garbage,1,6,2,6,13,8,3
garbage truck,garbage_truck,4,2,5,3,12,9,0
gargoyle,gargoyle,27,7,5,0,0,0,0
garlic,garlic,0,0,0,2,1,11,21
garter,garter,0,0,0,1,3,6,28
gas mask,gas_mask,0,0,3,0,4,13,19
gasket,gasket,1,1,2,1,11,12,10
gate,gate,6,3,7,7,8,5,1
gauge,gauge,0,2,2,1,11,12,10
gauze,gauze,0,0,0,2,3,6,26
gavel,gavel,0,0,0,1,1,11,24
gazelle,gazelle,8,12,8,2,3,2,2
gear,gear,0,2,2,5,7,16,7
gearshift,gearshift,0,2,1,1,4,12,19
gel,gel,0,3,5,2,6,10,11
gem,gem,0,0,0,2,2,12,18
generator,generator,3,7,9,1,12,5,1
gift,gift,0,0,0,7,8,13,10
ginger,ginger,1,1,0,2,0,12,23
gingerbread man,gingerbread_man,0,0,0,0,3,5,28
giraffe,giraffe,15,12,3,1,5,1,0
girl,girl,0,1,7,12,11,6,2
glass,glass,0,0,0,0,0,8,30
glasses,glasses,0,0,0,0,0,9,28
globe,globe,0,0,0,2,6,13,15
glove,glove,0,0,0,0,0,8,31
glue,glue,0,1,3,4,5,10,13
go-kart,go-kart,2,1,2,2,9,13,9
goalpost,goalpost,28,8,2,0,2,0,0
goat,goat,1,11,11,1,9,3,1
goblet,goblet,0,0,0,0,4,16,20
goggles,goggles,0,0,0,0,0,7,28
gold,gold,1,0,4,2,9,17,7
goldfish,goldfish,0,3,4,1,12,13,5
golf cart,golf_cart,2,3,0,1,17,7,8
golf club,golf_club,0,0,1,1,3,8,19
gondola,gondola,2,1,10,6,11,7,1
gong,gong,6,10,10,4,5,3,1
goose,goose,1,8,10,3,7,7,4
gopher,gopher,3,5,7,2,12,6,3
gorilla,gorilla,17,12,3,1,2,2,1
gourd,gourd,0,2,0,2,9,19,5
graffiti,graffiti,26,8,0,2,1,0,0
grain,grain,0,0,1,4,8,7,19
gramophone,gramophone,0,7,7,4,11,4,2
granite,granite,10,12,9,2,4,1,1
granola,granola,0,0,0,1,4,12,20
grape,grape,0,0,0,0,1,8,28
grapefruit,grapefruit,0,0,0,0,2,15,20
grapevine,grapevine,7,10,8,3,8,3,0
grass,grass,2,5,5,5,6,6,7
grasshopper,grasshopper,1,3,3,0,8,8,13
grate,grate,5,8,13,3,7,3,0
grater,grater,1,0,2,2,3,10,19
gravel,gravel,3,1,7,1,9,9,6
gravestone,gravestone,18,10,4,2,1,1,1
gravy,gravy,1,0,1,4,12,12,7
green beans,green_beans,0,0,0,0,2,15,23
grenade,grenade,1,0,1,1,5,12,18
grill,grill,2,1,10,3,12,5,3
grille,grille,8,3,7,3,15,4,0
grinder,grinder,0,1,9,1,9,11,7
grits,grits,1,1,0,4,9,8,12
groundhog,groundhog,4,6,13,3,3,2,5
guacamole,guacamole,0,0,1,1,5,11,18
guardrail,guardrail,22,12,2,1,1,0,0
guillotine,guillotine,9,17,4,3,2,2,1
guinea pig,guinea_pig,0,0,0,3,9,11,12
guitar,guitar,0,0,0,1,7,15,16
gum,gum,0,0,0,2,0,7,30
gumball,gumball,0,1,0,1,2,1,34
gumdrop,gumdrop,0,0,1,0,1,3,31
gun,gun,0,0,1,1,5,17,14
gurney,gurney,0,0,1,2,10,13,13
gutter,gutter,6,8,9,3,5,3,2
gyro,gyro,1,0,0,0,3,12,23
gyroscope,gyroscope,0,0,0,1,7,13,18
hail,hail,0,1,2,4,5,14,11
hair,hair,0,2,2,3,5,7,21
hairbrush,hairbrush,0,0,0,1,2,8,29
hairdryer,hairdryer,0,0,0,1,0,14,23
hairnet,hairnet,0,0,1,0,1,5,29
hairpin,hairpin,0,0,0,1,2,8,27
hairspray,hairspray,0,5,0,2,2,8,19
ham,ham,0,0,0,4,9,17,8
hamburger,hamburger,0,0,0,0,1,10,27
hammer,hammer,0,0,2,0,2,17,15
hammock,hammock,0,1,3,2,6,15,10
hamster,hamster,0,0,1,2,8,15,12
hand,hand,0,0,0,0,6,14,18
handbrake,handbrake,1,0,1,3,7,12,13
handcuff,handcuff,0,0,2,0,6,6,21
handkerchief,handkerchief,0,0,0,0,0,6,32
handle,handle,0,0,0,5,6,13,15
handlebar,handlebar,0,3,0,4,5,10,13
handprint,handprint,23,3,3,6,2,0,0
hanger,hanger,0,0,0,0,0,13,24
hard disk,hard_disk,0,0,1,0,11,11,14
harmonica,harmonica,0,0,0,1,0,7,28
harness,harness,0,0,0,4,7,14,13
harp,harp,3,11,10,2,4,5,0
hash,hash,0,0,1,3,5,17,12
hat,hat,0,0,0,0,1,12,23
hatbox,hatbox,0,0,1,1,3,10,20
hatchet,hatchet,0,1,2,2,10,13,10
hawk,hawk,4,12,6,5,2,3,3
hay,hay,0,2,8,4,8,8,8
headband,headband,0,0,1,0,1,5,31
headdress,headdress,0,1,1,4,8,14,10
headlamp,headlamp,0,0,0,1,3,11,22
headlight,headlight,2,8,7,5,5,3,3
headphones,headphones,0,0,0,1,2,7,26
headrest,headrest,2,1,2,1,10,13,9
headscarf,headscarf,0,0,0,1,1,11,25
headset,headset,0,0,0,1,0,10,28
hearing aid,hearing_aid,0,0,0,1,2,6,28
hearse,hearse,2,1,2,2,8,15,7
heater,heater,1,2,6,2,16,7,5
hedge,hedge,14,19,6,1,0,0,0
hedgehog,hedgehog,2,4,10,1,11,5,6
helicopter,helicopter,7,9,9,3,5,3,3
helmet,helmet,0,1,1,1,4,13,19
highchair,highchair,0,1,2,2,12,11,8
highlighter,highlighter,0,0,0,0,0,7,31
hinge,hinge,0,1,3,2,1,12,20
hip,hip,1,2,0,2,9,10,16
hippopotamus,hippopotamus,26,7,2,0,1,0,1
hobbyhorse,hobbyhorse,0,0,1,1,3,11,23
hockey stick,hockey_stick,0,0,1,2,2,13,20
hoe,hoe,0,0,0,1,3,17,16
hole,hole,22,6,3,4,0,0,0
holster,holster,0,0,2,1,4,11,22
home plate,home_plate,7,6,7,3,10,1,2
honey,honey,2,1,2,2,11,9,10
honeycomb,honeycomb,2,4,5,1,11,8,5
honeypot,honeypot,0,0,0,0,7,17,14
hood,hood,0,0,0,1,3,14,16
hoodie,hoodie,0,0,0,0,4,11,22
hook,hook1,1,1,4,1,5,17,10
hook,hook2,0,2,1,4,8,11,11
hookah,hookah,0,0,2,0,11,17,7
hopscotch,hopscotch,12,4,2,9,2,3,3
horn,horn,0,0,2,7,5,9,11
horse,horse,2,5,7,5,11,7,1
horseshoe,horseshoe,0,0,1,0,7,18,12
hose,hose,0,1,4,4,9,12,7
hot-air balloon,hot-air_balloon,6,6,6,4,8,5,0
hot-water bottle,hot-water_bottle,0,0,0,0,7,11,15
hot chocolate,hot_chocolate,0,1,3,4,6,13,10
hot tub,hot_tub,20,13,2,0,0,2,0
hotdog,hotdog,0,0,1,0,0,7,31
hotplate,hotplate,0,1,1,2,11,14,6
hourglass,hourglass,0,0,2,0,7,15,12
hovercraft,hovercraft,4,2,7,7,11,6,1
hubcap,hubcap,0,0,3,2,7,14,12
hula hoop,hula_hoop,0,0,2,0,1,10,23
hummingbird,hummingbird,2,7,6,6,4,9,3
hummus,hummus,0,0,0,3,4,17,15
humvee,humvee,6,2,3,7,6,10,4
hydrant,hydrant,27,9,2,0,2,0,0
hyena,hyena,17,9,4,1,2,3,0
ice,ice,1,5,11,2,8,6,5
ice-cream cone,ice-cream_cone,0,0,0,1,3,11,22
ice cream,ice_cream,0,1,0,3,6,13,14
ice cube,ice_cube,0,0,1,4,11,6,16
ice pack,ice_pack,0,1,1,0,7,10,19
icemaker,icemaker,6,7,9,1,8,4,1
icepick,icepick,0,0,0,0,3,6,26
iceskate,iceskate,0,0,0,1,10,14,13
icicle,icicle,1,4,6,2,10,11,5
iguana,iguana,0,3,8,3,14,10,1
incense,incense,0,0,0,1,4,9,23
incubator,incubator,0,4,11,7,9,7,1
inhaler,inhaler,0,0,0,2,0,6,30
ink,ink,2,2,2,1,9,8,13
inkwell,inkwell,0,0,0,0,5,17,15
insole,insole,0,0,2,1,2,9,22
iron,iron,0,0,0,0,1,13,24
ironing board,ironing_board,0,2,4,2,12,13,3
ivy,ivy,1,3,9,0,6,9,9
jack,jack,0,2,3,3,15,13,1
jacket,jacket,0,1,0,2,2,12,22
jackhammer,jackhammer,1,7,13,4,5,2,1
jalapeno,jalapeno,0,0,0,1,0,17,20
jam,jam,0,2,0,2,8,11,15
jar,jar,0,0,0,0,6,14,17
javelin,javelin,0,3,4,5,7,8,10
jeans,jeans,0,0,0,1,0,13,24
jeep,jeep,4,4,2,2,7,10,9
jelly bean,jelly_bean,0,0,0,1,0,6,29
jellyfish,jellyfish,6,1,7,4,9,7,2
jersey,jersey,0,1,0,0,0,10,26
jet,jet,14,9,4,4,4,2,0
jetski,jetski,2,6,0,5,8,15,3
jewel,jewel,0,0,0,2,0,11,23
jewelry,jewelry,0,0,0,0,2,14,22
jigsaw puzzle,jigsaw_puzzle,2,9,3,4,2,8,7
joystick,joystick,0,0,1,1,2,12,23
jug,jug,0,0,1,5,10,17,6
juice,juice,2,3,1,2,8,15,6
juicer,juicer1,0,0,0,0,4,11,19
juicer,juicer2,0,0,2,2,17,12,6
jukebox,jukebox,14,13,6,3,0,1,0
jump rope,jump_rope,0,0,1,1,3,9,25
jumpsuit,jumpsuit,0,0,0,3,4,7,23
kale,kale,0,1,0,1,3,12,20
kaleidoscope,kaleidoscope,0,0,0,1,9,11,16
kangaroo,kangaroo,17,7,3,5,4,1,1
kayak,kayak,0,5,6,2,11,9,2
kazoo,kazoo,1,0,0,0,0,11,24
kebab,kebab,0,0,0,1,2,14,20
keg,keg,8,9,10,1,4,4,0
ketchup,ketchup,1,0,2,0,7,19,9
kettle,kettle,0,0,0,0,2,14,20
key,key,0,0,0,1,0,6,31
keyboard,keyboard,1,4,10,4,11,5,1
keyhole,keyhole,14,7,1,4,5,4,0
kilt,kilt,0,0,0,2,2,7,24
kimono,kimono,0,0,2,3,5,11,15
kite,kite,0,0,1,0,6,15,15
kitten,kitten,0,0,2,1,8,17,12
kiwi,kiwi,0,0,0,0,1,6,31
knee,knee,0,0,0,2,1,12,21
kneepad,kneepad,0,0,0,0,1,14,22
knife,knife,0,0,0,1,3,7,25
knitting,knitting,0,0,0,7,3,12,13
knitting needle,knitting_needle,0,0,0,2,4,9,22
knob,knob,0,0,1,2,7,12,16
knot,knot,2,6,9,1,11,8,3
koala,koala,2,4,7,8,7,6,3
lab coat,lab_coat,1,1,0,0,2,6,30
ladder,ladder,0,1,15,1,9,6,1
ladle,ladle,0,0,0,0,2,12,21
ladybug,ladybug,0,0,1,4,5,6,20
lamb,lamb,1,7,10,1,9,6,3
lamb chop,lamb_chop,0,0,0,2,6,18,12
lamp,lamp,0,0,0,3,9,18,8
lamppost,lamppost,20,10,4,1,2,1,0
lampshade,lampshade,0,0,1,1,6,13,19
landmine,landmine,10,5,3,3,7,3,2
lantern,lantern,0,0,0,2,5,9,19
lanyard,lanyard,0,0,0,1,1,9,26
laptop,laptop,0,0,0,1,2,11,21
lasagna,lasagna,0,0,1,3,7,13,13
laser pointer,laser_pointer,0,0,0,0,2,7,26
latch,latch,1,0,2,2,6,14,12
latte,latte,0,1,0,0,3,16,17
laundry basket,laundry_basket,0,0,0,0,7,13,17
lava,lava,28,4,3,2,1,0,0
lavender,lavender,1,2,1,1,8,14,10
lawnmower,lawnmower,0,0,4,2,11,16,4
leaf,leaf,0,0,0,0,2,6,29
leash,leash,0,0,0,1,1,10,24
lectern,lectern,0,0,4,6,11,8,6
leech,leech,0,2,7,4,9,4,12
leek,leek,0,0,1,0,2,8,23
leg,leg,0,0,1,2,6,14,17
leggings,leggings,0,0,0,0,1,8,29
lego,lego,0,0,0,2,1,8,28
lemon,lemon,0,0,0,1,2,9,28
lemonade,lemonade,1,1,1,2,7,16,10
lens,lens,0,0,0,0,2,16,19
leopard,leopard,14,15,6,2,1,1,1
leotard,leotard,0,0,0,1,1,9,25
letter opener,letter_opener,1,0,0,0,0,7,30
lettuce,lettuce,0,0,0,2,1,12,25
license plate,license_plate,0,1,0,2,7,13,15
licorice,licorice,0,1,0,1,5,3,27
lid,lid,0,0,0,0,0,11,28
life jacket,life_jacket,0,0,0,1,2,18,17
lifesaver,lifesaver,0,0,0,2,3,11,20
light switch,light_switch,5,3,3,4,3,10,11
lightbulb,lightbulb,0,0,0,0,1,11,25
lighter,lighter,0,0,0,0,2,8,30
lightning bug,lightning_bug,0,0,9,2,6,12,8
lime,lime,0,0,0,0,0,6,32
limousine,limousine,3,5,3,2,6,16,3
lingerie,lingerie,0,0,0,0,3,11,23
lion,lion,19,12,0,1,3,0,0
lip balm,lip_balm,0,0,0,0,0,9,25
lip gloss,lip_gloss,0,0,0,2,1,8,24
lipstick,lipstick,0,0,0,0,2,8,30
lizard,lizard,1,1,4,7,6,10,7
llama,llama,6,9,6,6,6,1,2
lobster,lobster,0,2,7,5,13,9,3
lock,lock,0,3,2,5,8,12,7
locker,locker,19,8,2,1,3,1,0
locket,locket,0,0,0,1,1,6,29
log,log,6,9,12,4,5,2,1
loincloth,loincloth,0,0,1,2,1,12,19
lollipop,lollipop,0,0,0,0,2,6,27
loom,loom,4,8,9,2,10,4,0
loveseat,loveseat,3,11,15,2,3,0,0
luggage,luggage,0,0,3,1,15,15,5
lumber,lumber,1,4,12,0,16,4,0
lunchbox,lunchbox,0,0,0,0,3,9,27
macadamia,macadamia,0,0,0,0,2,6,29
macaroni,macaroni,0,0,1,2,1,7,28
machete,machete,0,0,2,1,7,15,12
machine gun,machine_gun,3,6,7,0,10,7,2
maggot,maggot,1,0,0,2,6,8,21
magnet,magnet,0,0,1,2,8,11,16
magnifier,magnifier,0,0,0,2,12,16,9
magnifying glass,magnifying_glass,0,1,0,0,1,8,26
mail,mail,0,0,0,1,2,10,23
mailbox,mailbox,4,11,10,4,5,2,0
makeup,makeup,0,0,0,2,5,8,20
mallet,mallet,1,0,0,1,3,24,10
man,man,3,4,7,7,12,1,3
manatee,manatee,19,10,4,3,1,2,0
mandolin,mandolin,0,0,0,0,7,14,17
mango,mango,0,0,0,2,1,6,26
manhole,manhole,8,12,12,1,3,0,0
mannequin,mannequin,0,2,13,4,10,7,4
mantle,mantle,20,4,8,0,2,0,0
map,map,0,0,1,0,9,18,11
maple syrup,maple_syrup,0,2,0,4,6,16,8
marble,marble,0,0,0,0,2,6,29
margarita,margarita,0,0,0,1,3,9,23
marijuana,marijuana,0,4,2,4,4,15,6
marker,marker,0,0,0,0,0,9,27
marmalade,marmalade,0,0,1,3,9,17,8
marshmallow,marshmallow,0,0,0,0,1,9,26
mascara,mascara,0,0,3,1,3,8,24
mashed potato,mashed_potato,0,1,1,2,6,15,12
mask,mask,0,0,0,1,2,13,20
mast,mast,16,8,8,1,4,0,0
mat,mat,0,1,0,1,2,15,18
match,match,0,0,0,0,1,11,26
matchbox,matchbox,0,0,0,0,0,5,32
mattress,mattress,3,14,12,3,3,1,1
measuring cup,measuring_cup,0,1,0,0,0,12,25
meat,meat,0,0,1,1,9,17,7
meat grinder,meat_grinder,0,3,9,3,11,8,3
meatball,meatball,0,0,0,1,2,10,27
meatloaf,meatloaf,0,0,0,1,7,12,18
medal,medal,0,0,0,1,1,13,24
meerkat,meerkat,2,5,5,7,10,9,1
megaphone,megaphone,0,1,1,1,5,14,17
melon,melon,0,0,1,1,6,10,20
memory stick,memory_stick,0,0,0,0,1,10,27
metal detector,metal_detector,0,0,0,0,8,15,13
metronome,metronome,0,0,1,3,6,18,9
microphone,microphone,0,0,0,0,3,9,26
microscope,microscope,0,1,5,0,11,13,7
microwave,microwave,1,6,10,2,11,4,3
milk,milk,1,3,1,8,5,11,8
milkshake,milkshake,0,1,0,1,3,14,19
minivan,minivan,2,3,2,2,8,12,10
mint,mint,0,0,2,4,3,13,15
mirror,mirror,0,3,6,6,6,12,3
missile,missile,16,4,8,3,2,3,1
mistletoe,mistletoe,0,0,0,2,5,12,18
mitten,mitten,0,0,0,0,0,5,30
mixer,mixer,0,1,8,2,11,11,4
moccasin,moccasin,0,0,0,2,1,6,29
modem,modem,0,1,2,1,6,12,16
mold,mold1,1,0,2,3,6,12,15
mold,mold2,4,5,2,9,8,4,4
mole,mole,0,6,6,6,12,7,3
money,money,0,0,0,0,2,10,26
mongoose,mongoose,3,7,7,7,6,6,1
monkey,monkey,2,5,10,4,12,3,0
moose,moose,16,11,4,2,3,1,0
mop,mop,0,0,1,0,1,17,20
mosquito,mosquito,7,4,3,3,5,10,6
mosquito net,mosquito_net,1,0,3,1,10,6,14
moss,moss,4,3,4,5,6,9,5
moth,moth,2,3,8,4,4,10,6
motherboard,motherboard,0,1,2,2,10,12,9
motorcycle,motorcycle,0,0,8,2,11,9,8
mouse,mouse1,0,2,8,1,8,9,10
mouse,mouse2,0,0,1,0,1,11,25
mousepad,mousepad,0,0,0,0,1,10,27
mousetrap,mousetrap,0,1,1,0,8,13,13
mousse,mousse,0,1,1,1,5,8,22
mouth,mouth,2,2,1,4,4,8,17
mouthpiece,mouthpiece,1,0,1,0,1,14,23
mud,mud,1,8,7,5,9,4,4
muff,muff,0,0,1,0,1,14,20
muffin,muffin,0,0,0,0,0,9,30
mug,mug,0,0,0,0,0,3,36
mulberry,mulberry,0,0,0,0,0,10,28
mulch,mulch,2,0,6,3,8,9,9
mullet,mullet,2,6,2,9,5,9,5
mushroom,mushroom,0,0,1,0,4,15,15
music box,music_box,0,0,0,0,5,23,9
mussel,mussel,0,0,2,0,4,10,22
mustache,mustache,9,5,5,5,6,4,5
mustard,mustard,0,0,2,1,8,12,14
nacho,nacho,0,0,0,0,3,10,24
nail,nail,0,0,0,2,5,11,16
nail clippers,nail_clippers,0,0,0,1,0,11,26
nail file,nail_file,0,0,1,2,0,8,22
nail polish,nail_polish,0,0,1,2,3,11,22
napkin,napkin,0,0,1,0,1,3,34
napkin ring,napkin_ring,0,0,0,0,0,6,30
navel,navel,15,5,4,4,7,2,0
neck,neck,0,1,2,4,7,14,10
necklace,necklace,0,0,0,0,4,12,20
needle,needle,1,0,0,1,1,5,30
nest,nest,2,0,3,4,12,10,5
net,net,0,1,6,5,13,6,2
nightshirt,nightshirt,0,0,1,1,0,7,25
nightstand,nightstand,0,6,18,0,9,6,0
noisemaker,noisemaker,0,0,0,0,1,6,29
noodle,noodle,0,1,1,0,8,10,19
noose,noose,0,1,0,2,4,18,12
nose,nose,4,8,4,3,7,8,4
notebook,notebook,0,0,0,0,1,13,24
notepad,notepad,0,0,0,0,0,11,27
nut,nut,0,0,0,1,1,9,27
nutcracker,nutcracker,0,0,0,0,2,6,30
oar,oar,0,2,5,2,16,7,5
oatmeal,oatmeal,0,1,3,4,5,7,20
octopus,octopus,7,4,8,7,8,5,0
odometer,odometer,9,6,1,6,5,7,3
oil,oil,2,1,3,6,11,12,4
oilcan,oilcan,0,1,0,0,7,15,14
okra,okra,0,1,0,0,2,12,23
olive,olive,0,0,0,0,0,11,28
omelet,omelet,1,0,0,2,8,7,20
onion,onion,0,0,0,0,1,13,22
orange,orange,0,0,0,1,1,10,23
orange rind,orange_rind,0,0,0,0,1,9,29
orangutan,orangutan,13,8,6,5,5,2,0
orchid,orchid,0,1,0,2,6,9,19
organ,organ,21,10,3,0,0,1,0
origami,origami,0,0,1,1,7,11,18
ostrich,ostrich,7,13,8,1,4,2,2
otter,otter,3,6,12,3,8,6,1
ottoman,ottoman,1,0,9,3,9,11,3
outfit,outfit,0,1,0,1,4,14,19
outlet,outlet,12,7,5,6,3,0,1
oven,oven,10,14,12,0,1,0,0
overalls,overalls,0,0,1,0,3,12,20
owl,owl,1,5,9,4,7,5,4
oyster,oyster,0,0,0,2,2,17,19
pacifier,pacifier,0,0,0,0,1,4,26
paddle,paddle,0,0,0,2,11,10,15
padlock,padlock,1,2,3,5,7,10,7
paint,paint,0,2,2,4,11,13,5
paintbrush,paintbrush,0,1,0,1,1,8,24
painting,painting,1,0,3,3,14,12,4
pajamas,pajamas,0,0,0,0,2,13,20
palette,palette,0,0,0,0,2,13,21
pallet,pallet,0,10,19,1,6,2,0
palm tree,palm_tree,25,9,2,1,0,0,1
pan,pan,0,0,0,0,3,17,20
pancake,pancake,0,0,0,0,2,13,23
panda,panda,15,7,6,3,2,5,1
panther,panther,12,11,7,2,5,2,0
panties,panties,0,0,0,0,0,5,31
pants,pants,0,0,0,1,1,5,31
pantsuit,pantsuit,0,0,0,1,5,11,19
pantyhose,pantyhose,0,2,0,2,2,11,19
papaya,papaya,0,0,0,2,2,13,20
paper,paper,0,0,0,1,3,4,31
paper bag,paper_bag,0,0,0,0,1,6,28
paper plate,paper_plate,0,0,1,0,0,13,23
paper towel,paper_towel,0,0,1,0,0,9,26
paperclip,paperclip,0,0,0,1,2,3,29
paperweight,paperweight,0,0,2,4,9,13,10
parachute,parachute,0,1,8,6,8,9,5
parfait,parfait,0,0,0,2,4,14,19
parking meter,parking_meter,22,7,0,1,4,0,1
parrot,parrot,1,3,6,7,13,4,4
parsley,parsley,0,0,0,1,1,10,27
pasta,pasta,0,1,1,1,5,12,17
pastry,pastry,0,0,1,0,1,9,25
patch,patch,0,0,0,3,2,8,24
patty,patty,0,0,0,0,3,13,22
payphone,payphone,13,10,2,4,4,1,2
pea,pea,0,0,0,0,1,5,30
peach,peach,0,0,0,0,3,9,26
peacock,peacock,4,10,12,3,7,3,0
peanut,peanut,0,0,0,0,1,4,34
peanut butter,peanut_butter,1,0,4,5,8,13,9
pear,pear,0,0,1,0,2,8,28
pearl,pearl,0,0,0,0,1,6,29
pecan,pecan,0,0,0,0,2,5,28
pedal,pedal,0,0,2,2,6,15,13
pedometer,pedometer,0,0,0,0,1,4,31
peeler,peeler,0,0,0,0,2,12,21
peg,peg,0,0,0,1,0,13,25
pelican,pelican,5,11,7,3,9,1,1
pen,pen,0,0,0,0,1,3,31
pencil,pencil,0,0,0,1,1,5,29
pencil sharpener,pencil_sharpener,0,0,0,0,0,5,30
pendulum,pendulum,0,0,2,1,11,11,13
penguin,penguin,3,2,7,8,10,5,2
penholder,penholder,0,0,0,2,5,16,16
penlight,penlight,0,0,0,1,0,7,30
pennant,pennant,0,0,0,4,4,3,23
pepper mill,pepper_mill,0,0,1,1,3,11,24
pepper,pepper1,0,0,1,1,8,7,17
pepper,pepper2,0,1,0,1,2,11,25
peppermint,peppermint,0,1,1,1,2,5,28
pepperoni,pepperoni,0,0,0,0,0,16,21
perfume,perfume,0,0,1,1,2,18,16
periscope,periscope,5,3,7,3,12,5,2
pesto,pesto,0,0,1,2,6,9,18
pet food,pet_food,0,0,2,1,12,10,14
petal,petal,0,0,1,1,0,8,29
petri dish,petri_dish,0,0,0,0,2,12,25
pheasant,pheasant,2,4,4,9,8,9,4
phone,phone,0,0,1,2,2,10,17
phone booth,phone_booth,19,15,4,0,0,0,0
photo booth,photo_booth,14,10,7,1,4,0,0
photograph,photograph,0,0,0,0,2,7,29
piano,piano,10,18,8,1,2,0,0
pickax,pickax,0,2,5,5,10,10,5
pickle,pickle,0,0,1,1,1,9,26
pie,pie,0,0,0,2,6,14,16
piecrust,piecrust,0,1,2,0,4,11,21
pig,pig,7,8,9,2,4,6,2
pigeon,pigeon,3,4,3,7,9,10,3
piggy bank,piggy_bank,0,0,1,1,9,14,13
piglet,piglet,0,2,6,2,14,6,6
pill,pill,0,0,0,1,3,6,28
pillbox,pillbox,0,0,0,0,2,9,26
pillow,pillow,0,0,0,0,1,8,27
pin,pin,0,0,0,0,2,8,26
pinball,pinball,9,10,3,5,4,4,4
pincushion,pincushion,0,0,0,0,4,8,22
pine needle,pine_needle,0,0,2,1,3,13,21
pine tree,pine_tree,24,7,4,2,0,0,0
pineapple,pineapple,0,0,2,0,7,10,18
pinecone,pinecone,0,0,0,1,3,6,29
ping-pong table,ping-pong_table,4,4,18,1,7,4,1
pinwheel,pinwheel,0,0,0,3,4,12,19
pipe,pipe1,0,1,1,2,4,6,23
pipe,pipe2,0,6,6,6,7,9,2
pistachio,pistachio,0,0,0,0,1,8,27
pita,pita,0,0,0,0,1,12,26
pitcher,pitcher,0,0,0,0,5,16,16
pitchfork,pitchfork,0,0,0,2,8,20,6
pizza,pizza,0,0,0,1,9,12,18
place mat,place_mat,1,0,0,0,0,12,24
plant,plant,0,3,5,5,12,7,5
plaster cast,plaster_cast,4,6,5,9,2,8,4
plastic film,plastic_film,0,0,0,0,6,8,23
plate,plate,0,0,0,0,1,12,24
platypus,platypus,2,8,9,8,4,4,2
playing card,playing_card,0,0,0,0,0,7,28
playpen,playpen,1,1,17,3,13,3,1
pliers,pliers,0,0,1,2,3,10,22
plug,plug,0,0,0,0,2,15,21
plum,plum,0,0,0,1,3,7,28
plunger,plunger,0,0,0,0,5,11,21
pocket,pocket,5,11,2,4,4,5,5
pocket watch,pocket_watch,0,0,0,1,1,7,28
pocketknife,pocketknife,0,0,1,2,2,18,13
pogo stick,pogo_stick,0,0,2,0,7,12,16
poinsettia,poinsettia,1,0,2,2,8,11,16
poker,poker,0,0,0,1,6,16,16
polar bear,polar_bear,18,9,2,5,0,1,0
polaroid,polaroid,0,0,1,0,3,7,28
pole,pole,10,7,13,2,5,2,0
police car,police_car,5,0,4,3,9,6,12
polisher,polisher,0,0,4,1,9,17,7
polo shirt,polo_shirt,0,0,1,1,2,11,22
polygraph,polygraph,1,4,8,2,15,5,2
pom-pom,pom-pom,1,0,0,0,0,6,33
pomegranate,pomegranate,0,0,0,2,1,6,26
pony,pony,0,9,8,6,7,4,2
poodle,poodle,0,1,4,0,14,15,3
pool table,pool_table,12,13,10,1,2,1,0
popcorn,popcorn,0,0,0,0,3,7,26
poppy,poppy,0,0,2,0,3,9,22
popsicle,popsicle,0,0,1,1,1,5,30
porcupine,porcupine,15,9,5,2,2,4,0
porthole,porthole,19,11,3,2,0,0,0
possum,possum,4,9,4,3,7,10,2
poster,poster,0,0,0,0,9,10,16
pot,pot,0,0,1,0,6,13,17
potato,potato,0,0,0,0,1,14,22
potholder,potholder,0,0,1,0,0,9,27
pothole,pothole,26,2,2,2,1,0,0
potpie,potpie,0,1,0,2,4,14,13
potpourri,potpourri,0,1,2,0,3,15,16
powder,powder,1,3,6,3,4,11,10
power line,power_line,25,6,2,2,0,2,0
praying mantis,praying_mantis,0,3,6,1,10,9,8
pretzel,pretzel,0,0,0,0,1,12,26
printer,printer,1,1,10,4,8,11,3
prism,prism,0,2,1,2,8,11,12
projector,projector,0,0,4,4,14,13,5
propeller,propeller,3,4,6,7,11,5,1
prune,prune,0,0,0,0,1,7,30
puck,puck,0,0,0,0,1,18,20
pudding,pudding,2,2,2,3,3,14,13
puddle,puddle,22,9,1,1,0,1,1
puffin,puffin,2,8,5,8,4,4,8
pug,pug,0,0,2,2,6,13,14
pulley,pulley,0,0,1,2,12,11,13
pulpit,pulpit,19,11,4,3,1,0,0
pump,pump,15,5,6,2,4,7,0
pumpkin,pumpkin,0,1,8,0,15,6,7
punch,punch1,1,1,5,3,12,11,5
punch,punch2,0,0,0,0,3,7,26
punching bag,punching_bag,5,6,11,2,9,4,0
puppet,puppet,0,0,0,2,8,7,21
puppy,puppy,0,0,1,0,9,16,9
purse,purse,0,0,0,0,0,10,26
quad,quad,1,2,2,3,7,10,12
quesadilla,quesadilla,0,0,0,1,5,9,22
quiche,quiche,0,0,1,1,6,9,20
quill,quill,0,0,0,0,3,7,29
quilt,quilt,0,0,2,0,6,14,13
rabbit,rabbit,0,3,6,2,8,9,8
raccoon,raccoon,4,8,4,5,10,4,2
racehorse,racehorse,5,4,8,2,10,6,5
rack,rack1,0,2,4,5,17,5,4
rack,rack2,2,8,16,7,5,2,0
racket,racket,0,0,0,0,1,10,23
radar,radar,7,11,7,3,4,0,0
radiator,radiator,11,14,2,2,3,2,0
radio,radio,0,0,0,3,8,19,9
radish,radish,0,0,1,2,4,7,24
raft,raft,0,4,11,4,11,8,2
rag,rag,0,0,0,0,1,7,29
railing,railing,9,16,7,0,2,1,1
rain gauge,rain_gauge,0,0,0,1,8,13,16
raincoat,raincoat,0,0,0,0,1,10,25
raisin,raisin,0,1,0,0,2,7,27
rake,rake,0,0,1,0,1,13,22
ram,ram,6,12,11,3,3,3,1
ramp,ramp,6,21,7,2,0,1,1
raspberry,raspberry,1,0,0,0,0,7,31
rat,rat,2,8,8,2,7,8,4
ratchet,ratchet,0,0,0,0,7,15,17
rattle,rattle,0,0,0,0,1,4,31
rattlesnake,rattlesnake,7,11,7,6,7,0,1
ravioli,ravioli,0,0,0,1,1,18,18
razor,razor,0,0,1,1,2,16,19
razor blade,razor_blade,0,1,3,3,6,13,12
ready meal,ready_meal,0,0,0,1,2,11,24
rearview mirror,rearview_mirror,0,0,1,0,5,12,20
recliner,recliner,4,9,15,1,6,3,1
record,record,0,0,0,0,1,11,26
record player,record_player,0,0,3,6,12,10,5
recorder,recorder,0,0,0,0,2,8,27
red carpet,red_carpet,4,6,16,0,9,4,0
reel,reel,0,0,2,3,8,15,8
refrigerator,refrigerator,16,10,8,0,2,2,0
reindeer,reindeer,8,10,6,6,5,3,0
remote control,remote_control,0,0,0,0,2,2,32
retainer,retainer,0,0,0,0,3,9,21
revolver,revolver,0,1,1,3,7,10,17
revolving door,revolving_door,2,2,1,4,11,13,5
rhinoceros,rhinoceros,24,5,2,2,0,1,1
rhubarb,rhubarb,0,0,0,1,4,14,18
ribbon,ribbon,0,0,0,1,1,10,26
rice,rice,0,0,0,2,5,8,24
rickshaw,rickshaw,0,2,9,2,13,10,2
rifle,rifle,0,1,2,1,9,17,8
rim,rim,0,2,4,2,16,10,3
ring,ring,0,0,0,0,3,5,29
riser,riser,11,8,12,2,4,0,1
road sign,road_sign,7,11,9,4,4,1,1
roadsweeper,roadsweeper,5,2,5,4,10,7,6
robe,robe,0,1,0,1,4,10,22
robot,robot,0,1,6,8,13,10,2
rock,rock,10,10,5,4,3,2,1
rocket,rocket,22,10,2,0,2,1,0
rocking chair,rocking_chair,0,1,4,3,13,7,7
rocking horse,rocking_horse,0,4,9,0,7,10,9
roll,roll,0,0,0,1,3,5,28
roller,roller,4,4,5,1,9,9,5
roller coaster,roller_coaster,29,4,0,1,2,1,1
rollerblade,rollerblade,0,0,0,0,6,10,21
rollerskate,rollerskate,0,0,0,1,5,8,22
rolling pin,rolling_pin,0,0,0,0,4,12,20
roof rack,roof_rack,4,5,17,0,6,4,1
rooster,rooster,1,1,8,5,12,8,4
root,root,17,9,7,2,3,2,0
rope,rope,0,0,3,2,11,10,14
rosary,rosary,0,0,1,0,1,10,24
rose,rose,0,0,0,1,4,17,17
roulette wheel,roulette_wheel,2,6,3,3,8,5,9
router,router,0,0,0,1,7,15,14
rubber band,rubber_band,0,0,0,0,1,3,35
ruby,ruby,1,0,1,1,3,11,21
rudder,rudder,0,3,8,3,11,9,3
rug,rug,0,2,8,4,12,10,3
ruler,ruler,0,0,0,0,0,7,31
rust,rust,11,7,8,6,3,2,1
saddle,saddle,0,1,11,3,14,7,2
safety pin,safety_pin,0,0,0,0,1,7,30
saffron,saffron,0,0,3,2,5,13,16
sail,sail,4,8,8,3,7,3,5
sailboat,sailboat,0,9,6,3,9,4,5
salad,salad,0,0,1,4,5,11,17
salami,salami,0,0,1,1,4,18,12
saltshaker,saltshaker,0,0,0,1,1,9,27
sand,sand,0,3,8,2,7,12,6
sandal,sandal,0,0,0,1,1,15,16
sandbag,sandbag,4,11,14,1,7,2,0
sandbox,sandbox,17,9,4,3,3,0,1
sandcastle,sandcastle,23,7,0,0,2,2,2
sandpaper,sandpaper,0,0,0,0,2,16,21
sandwich,sandwich,0,0,0,1,2,16,21
sarcophagus,sarcophagus,15,9,7,1,2,1,0
sardine,sardine,1,0,0,1,8,13,13
satellite,satellite,21,7,3,4,1,1,1
satellite dish,satellite_dish,7,14,4,4,5,0,1
sauce,sauce,1,1,0,2,2,16,14
saucer,saucer,0,0,0,0,8,11,19
sauerkraut,sauerkraut,0,1,0,0,6,13,16
sausage,sausage,0,0,0,1,4,13,21
saw,saw,0,0,2,0,6,22,9
sawhorse,sawhorse,1,4,11,0,12,9,3
saxophone,saxophone,0,0,4,3,10,11,12
scaffold,scaffold,14,11,6,0,5,1,0
scaffolding,scaffolding,14,12,7,2,3,0,0
scale,scale,0,1,1,5,13,15,2
scallion,scallion,0,0,0,1,0,7,27
scallop,scallop,0,0,0,1,5,14,14
scalpel,scalpel,0,0,0,1,1,8,25
scanner,scanner,0,1,10,2,9,13,2
scarecrow,scarecrow,0,2,4,2,21,8,3
scarf,scarf,0,0,0,0,0,8,31
school bus,school_bus,7,3,5,2,9,8,3
scissors,scissors,0,0,0,0,2,8,26
scone,scone,0,0,0,0,1,12,26
scoop,scoop,0,0,0,1,2,7,27
scooter,scooter,0,0,0,2,3,12,18
scoreboard,scoreboard,24,8,1,0,2,0,0
scorpion,scorpion,1,6,7,2,7,7,6
scrabble,scrabble,0,0,0,1,2,12,22
scrambled egg,scrambled_egg,0,0,0,2,10,13,12
scraper,scraper,0,0,0,0,1,10,27
screen,screen1,1,7,8,4,10,8,0
screen,screen2,1,0,3,5,10,8,12
screw,screw,0,0,1,2,3,10,21
screwdriver,screwdriver,0,0,1,1,0,12,25
scuba,scuba,0,0,8,3,15,7,4
sea urchin,sea_urchin,5,5,12,6,9,2,1
seafood,seafood,0,0,1,4,7,14,11
seagull,seagull,3,6,6,5,6,6,8
seahorse,seahorse,2,5,4,11,9,4,5
seal,seal,4,11,14,4,0,1,0
seaplane,seaplane,9,1,5,7,8,5,2
seatbelt,seatbelt,0,1,2,2,4,7,19
seaweed,seaweed,1,3,5,5,5,8,11
seed,seed,0,0,0,0,3,7,26
seesaw,seesaw,3,7,3,1,12,10,2
seismograph,seismograph,8,13,7,6,4,1,0
sequin,sequin,0,0,1,0,4,7,27
sewage,sewage,8,8,9,5,5,4,0
sewing kit,sewing_kit,0,0,0,0,2,11,21
sewing machine,sewing_machine,1,2,7,4,12,9,4
shaker,shaker,0,0,0,0,5,15,19
shark,shark,24,9,3,1,2,0,1
shaving cream,shaving_cream,0,0,0,1,6,10,23
shawl,shawl,0,0,0,0,2,15,21
shears,shears,0,0,3,0,10,15,8
sheath,sheath,0,0,0,1,1,14,22
sheep,sheep,2,6,9,3,9,7,1
sheet,sheet,0,0,0,0,3,16,19
shelf,shelf,6,13,4,3,6,3,0
shell,shell1,0,0,0,1,3,9,24
shell,shell2,0,0,0,1,1,6,29
shell,shell3,0,0,1,1,1,8,25
shield,shield,0,0,6,3,6,15,7
ship,ship,7,5,10,2,8,3,2
shirt,shirt,0,0,0,0,2,5,31
shoe,shoe,0,0,0,0,2,11,22
shoe polish,shoe_polish,0,0,0,2,3,13,18
shoehorn,shoehorn,0,0,0,1,1,10,22
shoelace,shoelace,0,0,0,1,0,8,29
shopping basket,shopping_basket,0,0,1,0,3,14,20
shopping cart,shopping_cart,0,0,0,0,4,15,20
shortbread,shortbread,0,0,0,1,0,9,26
shorts,shorts,1,1,0,1,2,7,26
shoulder,shoulder,1,0,0,0,5,16,17
shovel,shovel,0,0,0,2,13,10,14
shower,shower,25,7,2,0,0,1,0
shower cap,shower_cap,0,0,0,0,2,5,31
shower curtain,shower_curtain,0,0,1,0,3,11,23
showerhead,showerhead,1,2,4,2,10,11,9
shredder,shredder,0,1,5,3,11,13,4
shrimp,shrimp,0,0,1,2,6,13,15
shuffleboard,shuffleboard,12,10,9,1,3,3,1
shutter,shutter,0,2,5,2,10,10,6
sickle,sickle,0,0,1,0,8,15,13
sidecar,sidecar,2,6,10,1,9,4,3
sifter,sifter,0,0,0,0,3,7,24
silicone,silicone,0,0,1,2,7,17,11
silverware,silverware,0,0,0,0,0,12,27
sim card,sim_card,0,0,0,0,7,7,24
sink,sink,10,18,7,1,1,0,0
siren,siren,5,6,8,8,7,1,1
skateboard,skateboard,0,0,0,4,3,7,25
skeleton,skeleton,5,3,11,4,10,1,2
skewer,skewer,0,0,0,0,2,9,26
ski,ski,0,0,1,2,14,11,9
ski boots,ski_boots,0,0,1,2,8,13,12
ski lift,ski_lift,14,3,3,7,6,6,0
ski pole,ski_pole,0,0,0,0,4,18,15
skin,skin,5,5,4,6,6,7,4
skirt,skirt,0,0,1,2,1,4,31
skull,skull,0,0,0,5,10,13,8
skunk,skunk,4,10,5,3,6,4,6
sled,sled,0,0,2,2,12,16,7
sledgehammer,sledgehammer,1,1,16,2,11,5,1
sleeping bag,sleeping_bag,0,2,0,0,8,10,16
slicer,slicer,2,8,5,1,11,9,4
slide,slide,18,15,2,2,2,0,0
slime,slime,0,0,4,3,9,11,11
sling,sling,1,1,1,1,4,8,22
slingshot,slingshot,0,1,0,1,5,11,20
slipper,slipper,0,0,0,0,2,3,31
slot,slot,14,8,10,3,1,1,1
slot machine,slot_machine,10,14,7,1,2,1,1
sloth,sloth,3,6,13,2,5,5,3
slug,slug,1,0,3,3,9,9,14
smoke alarm,smoke_alarm,4,2,3,4,5,9,12
smoothie,smoothie,0,1,0,2,9,11,14
snack,snack,0,0,0,1,2,11,25
snail,snail,0,0,1,1,4,10,22
snake,snake,5,6,11,3,5,7,2
snorkel,snorkel,0,0,2,0,4,16,16
snow,snow,2,1,9,3,11,6,6
snowball,snowball,1,0,0,1,3,12,21
snowboard,snowboard,0,0,4,1,11,13,9
snowman,snowman,12,10,9,2,3,1,0
snowmobile,snowmobile,3,1,2,1,10,10,11
snowplow,snowplow,8,3,4,2,7,9,1
snowshoe,snowshoe,0,1,1,1,8,11,16
snowsuit,snowsuit,0,0,0,1,6,10,22
soap,soap,0,1,1,1,5,10,21
soccer ball,soccer_ball,0,0,0,1,3,7,25
sock,sock,0,0,0,2,1,5,30
soda,soda,2,1,0,2,7,12,15
soda fountain,soda_fountain,13,10,10,0,3,1,0
sofa bed,sofa_bed,8,14,10,4,2,0,0
solar panel,solar_panel,7,10,12,3,4,2,0
soldering iron,soldering_iron,0,0,0,0,5,20,11
sombrero,sombrero,0,0,0,0,3,14,22
sonogram,sonogram,1,3,1,8,9,5,11
sorbet,sorbet,0,1,0,4,4,14,15
souffle,souffle,1,0,1,0,5,15,17
soup,soup,0,0,2,1,6,16,11
soy sauce,soy_sauce,0,0,0,3,7,16,12
space shuttle,space_shuttle,24,3,4,4,2,0,1
spacesuit,spacesuit,0,1,7,5,9,11,5
spaghetti,spaghetti,0,1,0,1,9,10,17
spam,spam,0,0,0,1,1,12,23
spareribs,spareribs,0,0,0,1,2,13,20
spark plug,spark_plug,0,1,0,3,4,10,21
sparkler,sparkler,0,1,0,1,3,6,26
spatula,spatula,0,0,0,0,1,8,27
speaker,speaker,6,8,11,5,4,5,1
spear,spear,0,0,0,2,9,13,14
speedboat,speedboat,0,3,2,6,7,12,6
speedometer,speedometer,4,6,6,5,3,8,4
spider,spider,2,1,6,2,8,9,10
spider web,spider_web,13,3,6,3,4,6,2
spinach,spinach,0,0,0,2,2,6,26
splinter,splinter,1,3,13,1,6,6,4
sponge,sponge,0,0,0,0,4,12,21
spool,spool,0,1,0,5,6,11,14
spoon,spoon,0,0,0,0,1,4,32
spout,spout,3,9,7,7,3,6,4
spring roll,spring_roll,1,0,0,0,1,7,28
springboard,springboard,1,3,8,2,14,10,0
sprinkler,sprinkler,0,1,5,3,10,15,5
sprouts,sprouts,0,0,1,3,3,10,20
spur,spur,0,0,1,3,11,10,14
squash,squash,0,0,2,0,1,14,21
squeegee,squeegee,0,0,0,0,6,16,16
squid,squid,1,5,8,2,13,7,4
squirrel,squirrel,3,9,3,6,8,6,4
squirt gun,squirt_gun,0,0,1,0,2,13,22
stained glass,stained_glass,5,9,13,3,2,2,0
stair,stair,23,7,4,1,0,0,0
stake,stake,0,0,0,1,4,11,23
stalagmite,stalagmite,18,8,3,5,0,2,0
stamp,stamp1,0,0,2,0,4,8,25
stamp,stamp2,0,0,0,0,0,11,26
staple,staple,1,0,1,2,2,6,28
staple gun,staple_gun,0,0,0,1,5,10,16
stapler,stapler,0,0,0,1,4,14,20
star fruit,star_fruit,0,0,0,3,1,10,24
starfish,starfish,0,0,3,6,8,13,10
station wagon,station_wagon,4,1,0,5,9,13,7
statue,statue,27,4,5,1,0,0,0
steak,steak,0,0,1,1,3,15,17
steamroller,steamroller,2,7,5,4,13,6,2
steering wheel,steering_wheel,0,0,1,0,6,15,13
stem,stem,3,2,3,1,10,3,16
step stool,step_stool,0,0,2,1,9,17,8
stereo,stereo,0,3,9,5,9,11,1
stethoscope,stethoscope,0,0,1,0,1,8,28
stew,stew,1,1,1,3,7,13,12
stick,stick,0,1,0,0,2,13,24
sticker,sticker,0,1,5,4,1,9,17
stiletto,stiletto,0,0,0,0,7,9,20
stilt,stilt,0,2,5,2,6,12,8
stingray,stingray,8,15,4,3,4,1,2
stir fry,stir_fry,0,0,0,2,7,11,19
stirrup,stirrup,0,1,0,1,9,11,14
stockings,stockings,0,0,0,0,0,16,22
stomach,stomach,5,3,0,8,6,7,8
stool,stool,0,0,1,0,12,16,8
stopwatch,stopwatch,0,1,0,1,2,6,27
stove,stove1,13,13,6,1,1,2,0
stove,stove2,10,14,13,0,2,1,0
straightjacket,straightjacket,1,1,2,2,6,13,12
strainer,strainer,0,0,0,1,3,14,19
strap,strap,0,0,0,0,2,16,19
straw,straw1,0,0,2,1,6,14,16
straw,straw2,0,0,0,1,1,4,32
strawberry,strawberry,0,1,0,0,1,8,28
streetlight,streetlight,30,4,2,1,0,0,0
stretcher,stretcher,0,0,4,0,11,12,10
string cheese,string_cheese,0,1,0,0,1,9,26
stroller,stroller,0,0,2,0,1,12,21
stuffing,stuffing,0,1,1,2,5,16,15
stump,stump,29,7,2,1,0,0,0
submarine,submarine,6,8,6,5,5,5,2
subway,subway,15,7,1,4,7,2,1
sugar cube,sugar_cube,0,0,1,0,1,7,25
suit,suit,0,0,0,1,3,18,15
suitcase,suitcase,0,0,3,3,6,18,8
sundae,sundae,0,0,1,1,4,15,17
sundial,sundial,2,10,9,7,4,5,2
sunflower,sunflower,1,3,2,3,10,9,12
sunglasses,sunglasses,1,0,0,1,1,7,26
sunroof,sunroof,4,3,3,9,10,11,0
surfboard,surfboard,0,2,5,1,13,13,2
sushi,sushi,0,0,0,1,5,9,23
suspenders,suspenders,0,0,0,0,1,13,24
swab,swab,0,0,0,0,2,11,25
swan,swan,4,8,10,3,7,4,1
sweater,sweater,0,0,0,2,2,9,22
sweatsuit,sweatsuit,0,0,0,0,4,9,22
sweeper,sweeper,0,0,0,0,1,15,23
sweet potato,sweet_potato,0,0,0,0,2,10,24
swimming pool,swimming_pool,27,4,0,1,0,1,0
swimsuit,swimsuit,0,1,1,0,0,7,28
swing,swing,1,1,4,2,5,16,10
swing set,swing_set,11,13,6,1,6,2,0
switch,switch,1,1,1,0,5,14,17
swizzle stick,swizzle_stick,0,0,0,0,3,6,26
sword,sword,0,1,3,0,13,14,3
swordfish,swordfish,19,5,4,1,4,0,5
syringe,syringe,0,0,0,1,4,11,21
syrup,syrup,0,1,1,3,11,13,8
t-shirt,t-shirt,0,0,0,1,0,9,27
tab,tab,0,0,0,0,4,6,26
table,table,1,4,15,2,14,3,1
tablecloth,tablecloth,0,0,0,1,4,11,23
tablet,tablet,0,0,0,0,2,10,26
tack,tack,0,0,1,1,3,3,27
tackle,tackle,0,0,0,2,3,11,21
taco,taco,1,0,0,0,2,15,20
tadpole,tadpole,3,3,0,2,8,9,13
taffy,taffy,0,0,0,0,2,8,28
tag,tag,0,1,1,5,9,4,16
taillight,taillight,3,4,7,2,5,12,4
tamale,tamale,0,0,0,0,3,11,21
tambourine,tambourine,0,0,1,0,3,11,18
tank,tank1,10,8,8,2,4,5,2
tank,tank2,4,8,13,4,4,1,1
tape,tape,0,2,2,1,2,8,24
tape measure,tape_measure,0,0,0,0,1,11,26
tape recorder,tape_recorder,0,0,0,0,8,12,17
tapestry,tapestry,0,1,2,2,10,16,8
tarantula,tarantula,4,2,6,3,9,9,7
target,target,1,4,9,5,10,6,2
tarp,tarp,0,2,2,2,13,9,10
tattoo,tattoo,23,5,0,10,1,0,1
taxi,taxi,1,3,2,4,6,11,12
tea,tea,0,0,2,1,5,15,13
teabag,teabag,0,0,0,1,2,7,27
teacup,teacup,1,0,0,0,0,11,26
teapot,teapot,0,0,0,0,1,17,18
teddy bear,teddy_bear,0,1,0,0,1,10,23
tee,tee,1,1,0,1,2,2,32
teepee,teepee,1,16,10,2,4,4,0
telegraph,telegraph,0,0,7,2,8,15,7
telephone pole,telephone_pole,24,11,1,1,0,0,0
telescope,telescope,0,0,5,4,18,8,3
television,television,4,5,14,3,10,3,1
tennis ball,tennis_ball,0,0,0,0,0,5,34
tent,tent,0,6,10,5,13,3,0
terrarium,terrarium,0,1,1,2,12,10,11
test tube,test_tube,0,0,0,1,4,7,27
thermometer,thermometer,0,0,0,1,3,10,22
thermos,thermos,1,0,0,0,3,12,22
thermostat,thermostat,1,7,12,2,3,4,4
thimble,thimble,0,0,0,1,1,5,30
thorn,thorn,5,6,8,3,2,5,3
thread,thread,0,0,0,0,2,16,21
throne,throne,8,8,9,2,6,4,1
thumb,thumb,2,0,0,1,3,11,23
thumbtack,thumbtack,0,0,1,1,3,10,21
tiara,tiara,0,0,0,2,2,10,23
tick,tick,1,2,6,6,7,6,8
ticktacktoe,ticktacktoe,5,0,0,14,1,8,11
tie,tie,0,0,0,0,3,5,29
tiger,tiger,21,11,2,3,0,0,0
tile,tile,0,0,4,3,13,8,8
timer,timer,0,1,0,0,0,14,24
tinsel,tinsel,0,0,2,0,0,9,23
tiramisu,tiramisu,1,0,2,1,6,10,19
toad,toad,3,0,5,3,7,13,7
toast,toast,0,1,0,0,2,8,26
toaster,toaster,0,0,0,0,6,18,14
toaster oven,toaster_oven,1,2,4,2,14,12,3
toe,toe,0,0,1,1,0,14,20
toga,toga,0,2,0,0,1,10,23
toilet,toilet,17,8,3,4,2,0,0
toilet paper,toilet_paper,0,0,0,1,2,5,29
tomato,tomato,0,0,0,0,2,10,25
tomato sauce,tomato_sauce,0,7,1,4,7,10,7
tongs,tongs,0,0,0,0,4,6,24
tongue,tongue,0,2,1,1,1,7,24
tool,tool,0,0,0,1,4,15,18
toolbox,toolbox,0,1,1,3,13,19,2
tooth,tooth,7,13,5,4,3,4,2
toothbrush,toothbrush,0,0,0,2,0,8,28
toothpaste,toothpaste,0,1,1,3,2,13,18
toothpick,toothpick,0,0,0,2,0,9,27
top hat,top_hat,0,0,0,2,0,9,25
torch,torch,0,0,2,2,10,12,11
torpedo,torpedo,18,8,1,1,3,3,0
torso,torso,1,5,4,3,13,5,6
tortellini,tortellini,0,0,0,0,2,13,21
tortilla,tortilla,0,0,0,0,0,7,27
tostada,tostada,0,1,0,0,5,9,22
totem pole,totem_pole,18,7,6,1,2,0,0
toucan,toucan,2,4,7,7,10,5,2
touchpad,touchpad,6,5,3,3,3,9,8
towel,towel,0,0,0,0,2,9,24
towel rack,towel_rack,1,2,10,4,12,7,1
toy,toy,0,0,0,0,4,15,20
tractor,tractor,2,1,3,6,9,11,6
traffic light,traffic_light,7,16,10,1,3,2,0
trailer,trailer,1,3,8,7,11,4,4
train,train,9,8,3,5,3,5,2
train car,train_car,10,11,6,3,4,1,1
train set,train_set,2,2,11,3,8,10,4
trampoline,trampoline,6,13,10,2,7,0,0
trap,trap,1,3,5,6,14,9,1
trapdoor,trapdoor,4,1,4,6,10,10,4
trashcan,trashcan,0,2,2,3,16,13,3
tray,tray,0,0,0,1,3,13,18
treadmill,treadmill,6,16,10,2,6,0,0
treasure,treasure,1,6,12,5,5,5,5
tree,tree,24,10,3,1,1,0,0
tree trunk,tree_trunk,26,9,4,0,0,0,0
triangle,triangle,0,0,0,0,2,10,27
tricycle,tricycle,0,0,0,1,6,16,15
trident,trident,0,1,2,2,16,12,6
trigger,trigger,0,0,3,2,7,11,16
tripod,tripod,0,0,1,0,7,14,15
trolley,trolley,8,7,3,3,8,4,2
trombone,trombone,0,0,0,1,8,18,11
trophy,trophy,0,1,0,1,16,16,4
trough,trough,9,18,9,0,3,0,0
trowel,trowel,0,0,0,0,2,8,30
truck,truck,6,2,7,3,9,10,0
trumpet,trumpet,0,0,0,2,7,13,17
trunk,trunk,0,8,11,2,9,4,0
tuba,tuba,1,3,10,1,13,7,4
tube top,tube_top,0,0,0,2,2,8,24
tugboat,tugboat,4,6,5,8,12,4,0
tulip,tulip,0,2,3,1,3,16,12
tumbleweed,tumbleweed,0,0,4,2,9,14,10
tuning fork,tuning_fork,0,0,1,1,1,8,26
tupperware,tupperware,0,0,0,0,1,16,21
turban,turban,0,1,1,2,2,14,17
turbine,turbine,10,14,5,3,4,0,0
turf,turf,5,5,13,1,10,2,1
turkey,turkey,3,2,8,4,10,8,2
turnstile,turnstile,9,2,3,4,5,10,5
turntable,turntable,0,5,3,4,12,12,4
turtle,turtle,0,2,6,6,14,7,4
turtleneck,turtleneck,0,1,0,0,1,9,23
tuxedo,tuxedo,0,0,0,1,5,14,19
tweezers,tweezers,0,0,0,1,2,6,28
twig,twig,0,0,0,1,3,6,28
typewriter,typewriter,0,1,5,6,11,8,3
ukulele,ukulele,0,0,0,1,1,12,23
umbrella,umbrella,0,0,0,0,4,7,28
undershirt,undershirt,0,0,1,0,0,8,30
underwear,underwear,0,0,0,1,3,4,30
unicycle,unicycle,2,1,8,2,6,12,8
uniform,uniform,0,0,0,0,3,13,21
urinal,urinal,20,11,5,1,2,0,0
urn,urn,0,0,0,1,13,18,7
vacuum,vacuum,0,0,1,0,10,17,9
valve,valve,0,2,2,6,5,11,9
van,van,0,1,1,6,11,10,9
vase,vase,1,0,0,2,10,17,8
vegetable,vegetable,0,0,0,1,6,12,18
veil,veil,0,0,0,0,2,14,21
velcro,velcro,0,0,0,2,4,12,18
vending machine,vending_machine,20,12,3,1,0,0,0
vent,vent,2,4,11,7,5,6,3
vest,vest,0,0,0,0,1,15,21
vial,vial,0,0,0,0,2,9,26
videocassette,videocassette,0,0,0,0,0,9,28
videogame,videogame,1,2,0,0,5,17,12
viewfinder,viewfinder,7,10,3,2,6,9,0
violin,violin,0,0,0,1,10,14,13
vise,vise,1,9,9,3,11,5,0
visor,visor,0,0,0,0,2,11,24
volleyball,volleyball,0,1,0,1,2,11,21
vulture,vulture,6,15,8,5,3,0,1
wafer,wafer,0,0,0,1,2,8,26
waffle,waffle,0,0,0,1,1,11,24
waffle iron,waffle_iron,0,0,4,2,13,14,5
wagon,wagon,2,6,7,2,8,9,2
walker,walker1,0,0,0,0,7,12,17
walker,walker2,0,0,1,1,5,14,16
wall,wall,36,0,1,0,0,0,0
wallet,wallet,0,0,0,1,0,11,25
wallpaper,wallpaper,6,8,5,3,3,6,7
walnut,walnut,0,0,0,1,0,5,30
walrus,walrus,28,10,1,0,0,0,0
wand,wand,0,0,0,0,1,15,22
warthog,warthog,13,12,9,1,2,1,0
washboard,washboard,0,1,3,1,11,9,13
washcloth,washcloth,0,1,0,0,0,8,28
washing machine,washing_machine,10,10,13,2,1,1,0
wasp,wasp,4,9,2,4,8,3,7
watch,watch,0,0,0,0,0,11,28
water bottle,water_bottle,0,0,0,0,2,11,24
water cooler,water_cooler,3,12,14,0,8,3,0
water filter,water_filter,0,2,1,2,10,14,10
water fountain,water_fountain,16,11,2,3,0,2,1
water heater,water_heater,14,14,7,0,4,0,0
watering can,watering_can,0,0,1,1,6,19,10
watermelon,watermelon,1,4,4,2,13,12,3
waterwheel,waterwheel,12,9,5,1,6,1,2
wax,wax,0,4,2,5,11,11,7
wax paper,wax_paper,0,0,0,1,3,11,24
weasel,weasel,1,5,5,3,6,9,6
weather vane,weather_vane,1,4,7,1,15,6,5
webcam,webcam,0,0,1,0,1,11,22
wedding cake,wedding_cake,1,10,11,2,9,5,2
wedge,wedge,0,1,0,0,10,12,14
weed,weed,2,0,5,4,7,6,12
wetsuit,wetsuit,0,0,0,2,7,14,14
whale,whale,30,3,2,2,0,1,0
wheat,wheat,0,1,1,2,1,17,15
wheel,wheel,0,1,5,1,8,16,8
wheelbarrow,wheelbarrow,1,2,4,1,6,12,13
wheelchair,wheelchair,0,0,1,2,6,12,18
whip,whip,0,0,1,0,4,12,18
whipped cream,whipped_cream,0,0,1,4,8,12,12
whisk,whisk,0,0,0,1,0,11,25
whistle,whistle,0,0,0,0,0,6,33
whiteboard,whiteboard,3,7,13,4,7,5,0
whoopee cushion,whoopee_cushion,0,0,0,1,1,6,29
wick,wick,1,2,4,2,9,8,11
wig,wig,0,0,0,1,4,9,21
wind chimes,wind_chimes,0,0,2,0,4,15,19
window,window,5,8,9,5,5,6,1
windowsill,windowsill,15,3,2,7,4,5,1
windshield,windshield,7,11,10,2,3,3,1
windshield wiper,windshield_wiper,0,0,1,4,4,15,16
windsock,windsock,0,1,0,4,6,14,12
wine,wine,0,2,0,7,4,10,14
wine bottle,wine_bottle,0,0,0,0,3,14,22
wine cooler,wine_cooler,0,0,2,2,3,14,17
wineglass,wineglass,0,0,0,1,3,8,24
wing,wing,19,8,4,5,0,1,1
wire,wire,0,0,1,3,6,13,15
wire cutters,wire_cutters,0,0,0,0,3,16,20
wok,wok,0,1,1,2,8,17,10
wolf,wolf,10,12,6,4,4,2,1
woman,woman,0,3,6,9,10,7,3
wood,wood,0,2,11,4,17,4,1
wooden leg,wooden_leg,1,0,2,4,10,8,10
workbench,workbench,6,13,12,0,4,1,0
worm,worm,0,1,1,1,6,15,14
wrap,wrap,0,0,2,0,2,10,19
wrapping paper,wrapping_paper,0,0,0,0,6,11,20
wreath,wreath,0,0,0,3,6,14,12
wreck,wreck,18,8,6,4,1,0,0
wrench,wrench,0,1,1,1,3,17,15
wrist,wrist,0,0,0,0,0,14,24
xylophone,xylophone,0,0,4,2,10,7,17
yacht,yacht,1,6,6,3,16,4,1
yak,yak,11,14,7,1,4,1,1
yarn,yarn,0,0,0,1,3,3,28
yo-yo,yo-yo,0,0,0,2,3,12,18
yogurt,yogurt,0,0,1,1,5,20,10
yoke,yoke,0,4,5,2,10,10,3
yolk,yolk,0,1,5,5,6,10,10
zebra,zebra,15,7,10,0,4,3,0
zipper,zipper,0,0,0,0,0,14,21
zucchini,zucchini,0,0,0,1,2,15,21
