Word,uniqueID,manmade_freq_1,manmade_freq_2,manmade_freq_3,manmade_freq_4,manmade_freq_5,manmade_freq_6,manmade_freq_7
aardvark,aardvark,33,4,0,0,0,0,1
abacus,abacus,0,0,0,0,1,3,35
accordion,accordion,0,0,0,1,1,4,30
acorn,acorn,31,3,0,0,1,0,0
air conditioner,air_conditioner,0,1,0,0,0,2,35
air mattress,air_mattress,1,2,0,0,0,0,33
air pump,air_pump,2,1,0,0,0,6,29
airbag,airbag,0,0,0,0,0,5,32
airboat,airboat,2,0,0,0,2,6,27
aircraft carrier,aircraft_carrier,1,0,0,0,0,4,31
airplane,airplane,0,0,0,0,1,2,35
album,album,0,2,0,0,2,7,27
alligator,alligator,40,0,0,0,0,0,0
almond,almond,26,4,1,0,1,1,2
aloe,aloe,24,12,1,0,0,0,1
alpaca,alpaca,33,3,0,0,0,0,0
altar,altar,0,1,0,0,1,8,29
aluminum foil,aluminum_foil,0,0,1,2,0,6,28
amber,amber,26,8,1,0,0,1,0
ambulance,ambulance,0,1,1,1,0,3,30
amplifier,amplifier,0,0,0,0,0,2,34
anchor,anchor,0,0,0,0,2,3,32
ankle,ankle,25,5,2,3,1,1,0
anklet,anklet,0,0,0,0,3,6,27
ant,ant,34,2,0,0,0,0,0
anteater,anteater,27,7,0,1,2,0,0
antelope,antelope,34,2,0,0,0,0,0
antenna,antenna,1,0,0,0,0,4,33
anvil,anvil,0,0,0,0,2,6,28
appetizer,appetizer,1,0,0,2,1,7,26
apple,apple,31,4,0,1,1,0,1
apple tree,apple_tree,24,6,3,1,0,1,3
applesauce,applesauce,0,0,1,2,5,11,17
apron,apron,0,0,1,0,2,7,25
aquarium,aquarium,0,0,0,0,2,8,29
arch,arch,0,0,0,2,1,1,34
arm,arm,21,6,0,4,2,1,4
armor,armor,0,1,0,0,0,8,29
arrow,arrow,0,0,1,0,0,7,31
artichoke,artichoke,28,8,1,0,0,0,1
arugula,arugula,27,6,1,0,2,2,1
ashtray,ashtray,0,0,0,0,0,4,34
asparagus,asparagus,24,10,2,0,1,0,1
avocado,avocado,25,8,1,1,1,0,1
awning,awning,0,0,0,0,2,6,27
axe,axe,0,0,0,0,2,10,27
baby,baby,12,1,3,3,2,8,7
backdrop,backdrop,1,0,0,2,1,7,26
backgammon,backgammon,0,1,0,1,1,4,31
backpack,backpack,0,0,1,0,1,6,31
backscratcher,backscratcher,0,1,0,0,1,8,28
bacon,bacon,3,3,3,4,9,2,12
badge,badge,0,0,0,0,1,7,29
badger,badger,31,6,0,0,0,1,0
bag,bag,2,0,0,0,0,6,29
bagel,bagel,0,1,0,0,4,13,19
bagpipe,bagpipe,0,0,0,0,1,6,30
baklava,baklava,0,0,0,1,4,9,25
balance beam,balance_beam,0,0,1,0,1,9,28
ball,ball,1,0,0,0,0,5,32
balloon,balloon,1,0,0,0,0,6,29
ballot box,ballot_box,1,0,0,0,2,2,31
bamboo,bamboo,35,3,0,0,0,1,1
banana,banana,31,4,1,0,0,0,2
banana peel,banana_peel,31,4,3,2,0,0,0
banana split,banana_split,0,0,0,2,2,12,23
bandage,bandage,0,0,0,0,0,4,33
bandanna,bandanna,0,0,0,0,0,10,25
banjo,banjo,0,0,0,0,0,5,32
bank,bank,1,0,0,0,0,6,32
banner,banner,0,0,0,0,1,9,30
barbed wire,barbed_wire,0,0,0,0,0,5,31
barbell,barbell,0,0,0,0,0,6,30
barcode,barcode,2,0,0,1,3,2,31
bark,bark,34,3,0,0,0,2,0
barnacle,barnacle,31,2,0,0,0,2,1
barrel,barrel,1,0,0,0,3,9,24
barrette,barrette,0,0,1,0,0,9,26
baseball,baseball,0,0,0,0,1,7,30
baseball bat,baseball_bat,0,0,0,0,0,7,29
baseball glove,baseball_glove,1,0,0,0,1,8,26
basil,basil,30,7,1,0,0,0,1
basket,basket,0,0,0,0,2,10,27
basketball,basketball,0,0,0,0,1,7,31
basketball hoop,basketball_hoop,1,1,0,1,1,1,32
bassinet,bassinet,0,0,1,1,2,6,27
bassoon,bassoon,0,0,0,0,0,7,31
bat,bat1,34,2,0,0,0,1,0
bat,bat2,0,1,0,0,1,4,31
bathmat,bathmat,1,1,0,1,0,5,31
bathrobe,bathrobe,1,0,0,0,0,8,27
bathtub,bathtub,0,0,0,0,3,2,30
baton,baton1,0,1,0,1,2,3,32
baton,baton2,1,1,0,0,0,11,24
baton,baton3,0,0,0,2,1,7,30
baton,baton4,0,0,0,0,0,5,32
batter,batter,1,0,0,1,2,13,20
battery,battery,0,0,0,0,0,6,33
bazooka,bazooka,0,0,0,0,0,4,34
beachball,beachball,2,1,0,0,1,0,35
bead,bead,0,0,0,1,2,7,28
beaker,beaker,0,0,0,0,0,5,34
bean,bean,27,11,0,1,0,1,0
beanbag,beanbag,0,1,0,0,0,6,31
beanie,beanie,0,0,0,0,0,6,31
bear,bear,35,3,0,0,0,0,0
beard,beard,14,6,2,2,7,5,1
beaver,beaver,32,3,1,0,0,0,2
bed,bed,0,0,0,0,0,5,30
bedpan,bedpan,0,0,0,0,1,5,30
bedpost,bedpost,0,1,0,1,1,3,33
bee,bee,32,3,0,0,0,1,1
beehive,beehive,30,3,1,1,0,0,0
beer,beer,0,0,1,0,1,8,26
beet,beet,29,6,0,1,0,1,1
beetle,beetle,35,4,0,0,0,0,0
bell,bell,0,0,0,1,0,5,31
bell pepper,bell_pepper,21,10,1,2,1,0,1
belt,belt,0,0,0,0,0,10,28
belt buckle,belt_buckle,0,0,0,0,1,5,31
bench,bench,0,0,0,0,0,8,28
berry,berry,28,6,0,1,0,0,1
bib,bib,0,0,0,0,2,9,25
bike,bike,0,0,0,0,0,4,34
bikini,bikini,2,0,0,0,1,8,25
bin,bin,0,0,0,0,0,5,31
binder,binder,0,0,0,0,3,5,28
binoculars,binoculars,0,0,0,0,0,5,32
bird,bird,29,3,2,0,0,1,0
birdbath,birdbath,1,0,1,0,3,6,25
birdcage,birdcage,1,0,0,0,0,7,32
birdhouse,birdhouse,0,0,0,0,0,6,33
birthday cake,birthday_cake,1,0,0,0,1,6,31
biscuit,biscuit,1,0,0,0,0,8,30
bison,bison,30,5,0,1,0,0,1
blackberry,blackberry,31,5,0,0,1,1,0
blanket,blanket,0,0,0,1,0,9,27
blazer,blazer,0,0,1,0,1,6,29
blender,blender,1,0,0,0,0,4,33
blimp,blimp,1,0,0,0,2,6,30
blind,blind,1,0,0,0,0,4,32
blinder,blinder,0,0,1,0,1,5,28
blindfold,blindfold,1,0,0,0,0,14,21
block,block,0,0,1,0,6,11,18
blouse,blouse,0,0,0,0,1,6,32
blower,blower,2,1,1,0,1,5,28
blowfish,blowfish,30,5,0,0,1,0,1
blowgun,blowgun,0,0,1,0,0,9,25
blowtorch,blowtorch,0,1,0,0,0,5,31
blueberry,blueberry,23,6,2,2,2,2,1
boa,boa,1,0,1,0,2,10,21
boar,boar,35,5,0,0,0,0,0
board,board,1,0,5,2,6,11,14
board game,board_game,0,0,0,0,1,6,30
boat,boat,0,0,0,0,0,5,31
bobsled,bobsled,0,0,0,1,1,4,33
bok choy,bok_choy,23,7,2,1,1,2,1
bolo tie,bolo_tie,1,0,0,0,0,7,29
bologna,bologna,0,0,1,1,10,5,21
bolt,bolt,0,0,0,1,1,5,31
bomb,bomb,0,0,0,0,0,4,35
bone,bone,27,5,0,2,0,1,0
bongo,bongo,1,0,0,0,0,11,27
bonnet,bonnet,1,0,0,0,0,8,29
bonsai,bonsai,9,12,5,3,5,1,2
book,book,0,0,0,0,0,5,34
bookmark,bookmark,1,0,0,0,0,11,27
bookshelf,bookshelf,0,0,0,0,0,6,30
boomerang,boomerang,0,0,0,0,2,12,23
boot,boot,0,0,0,0,1,2,33
bottle,bottle,0,0,0,0,1,7,31
bottle opener,bottle_opener,0,1,1,1,1,6,25
boulder,boulder,31,6,2,0,0,1,0
bouquet,bouquet,2,0,2,4,10,9,10
bow,bow1,0,0,0,0,0,6,29
bow,bow2,0,0,0,0,2,8,28
bow,bow3,0,1,0,0,1,5,31
bowl,bowl,0,0,0,0,1,6,31
bowler hat,bowler_hat,0,0,0,0,1,2,32
bowling ball,bowling_ball,0,0,1,0,0,7,28
bowtie,bowtie,0,0,1,0,0,4,31
box,box,0,0,0,0,0,10,27
boxer shorts,boxer_shorts,0,1,0,0,0,7,30
boxing gloves,boxing_gloves,1,0,0,0,2,5,30
boy,boy,12,3,0,3,8,8,5
bra,bra,0,0,0,0,0,5,30
brace,brace,1,0,0,0,0,6,31
bracelet,bracelet1,0,0,0,0,1,2,34
bracelet,bracelet2,0,0,0,1,0,8,31
bracket,bracket,0,0,0,0,1,4,29
braid,braid,0,0,2,1,3,12,17
brake,brake,0,0,0,0,0,2,35
branch,branch,32,3,0,0,2,0,0
brass knuckles,brass_knuckles,0,1,0,1,0,6,30
bread,bread,0,0,0,0,3,15,18
breadbox,breadbox,0,0,0,0,1,8,30
breadstick,breadstick,0,0,1,1,2,12,22
breakfast,breakfast,0,0,0,1,7,13,18
breathalyzer,breathalyzer,0,0,0,1,1,3,32
brick,brick,0,0,0,0,1,12,27
briefcase,briefcase,0,0,0,1,1,6,29
broccoli,broccoli,28,4,1,1,2,0,1
brooch,brooch,0,0,0,0,2,5,28
broom,broom,0,1,0,0,1,7,30
brownie,brownie,0,1,0,0,1,6,29
brush,brush,0,0,0,0,2,5,26
brussels sprouts,brussels_sprouts,27,7,1,0,1,3,0
bubble,bubble,1,2,6,5,10,7,5
bubble wrap,bubble_wrap,0,0,0,0,0,2,35
bucket,bucket,0,0,0,0,2,5,28
buckle,buckle,1,2,0,0,1,6,29
buffet,buffet,0,1,0,0,2,14,18
bug,bug,33,4,0,0,0,0,0
buggy,buggy,0,0,0,0,2,2,32
bull,bull,37,2,0,0,0,0,0
bulldozer,bulldozer,0,0,0,0,1,3,32
bullet,bullet,0,0,0,0,0,1,35
bulletin board,bulletin_board,0,0,0,1,0,6,31
bulletproof vest,bulletproof_vest,0,0,0,0,0,5,31
bumper,bumper,0,0,1,0,0,2,36
bun,bun,0,0,0,0,3,9,24
bungee,bungee,0,0,0,0,1,4,32
bunkbed,bunkbed,0,0,0,0,0,4,36
buoy,buoy,0,0,0,0,0,11,29
burner,burner,1,0,1,0,0,1,35
burrito,burrito,0,0,0,0,5,6,25
bus,bus,0,0,0,0,0,1,37
bush,bush,17,9,6,2,2,1,2
butter,butter,0,1,3,2,5,16,9
butterfly,butterfly,37,2,0,0,0,0,0
button,button1,0,2,0,0,0,11,24
button,button2,0,0,0,1,0,3,33
cabbage,cabbage,24,11,1,0,1,1,0
cabinet,cabinet,0,0,0,0,1,4,33
cable,cable,0,0,0,0,0,6,31
cactus,cactus,32,3,1,0,0,0,0
cage,cage,0,0,0,0,2,4,30
cake,cake,0,0,0,0,0,8,29
cake mix,cake_mix,1,1,1,2,4,6,22
calamari,calamari,3,3,5,2,7,12,5
calculator,calculator,0,0,0,0,0,4,34
calf,calf1,25,5,0,1,1,0,2
calf,calf2,22,4,1,2,1,2,2
calzone,calzone,0,0,0,0,2,11,24
camcorder,camcorder,0,1,0,0,2,5,29
camel,camel,29,5,1,0,0,0,0
camera lens,camera_lens,0,0,0,0,0,6,32
camera,camera1,0,0,0,0,0,5,32
camera,camera2,0,0,1,0,0,3,35
camper,camper,0,0,0,1,0,4,33
can,can,1,0,1,0,1,6,29
can opener,can_opener,0,0,0,0,1,7,31
candelabra,candelabra,0,0,0,0,2,3,35
candle,candle,0,0,0,0,1,9,27
candlestick,candlestick,0,0,0,1,3,1,35
candy,candy,0,0,0,0,0,2,31
candy bar,candy_bar,0,0,0,1,1,7,30
candy cane,candy_cane,0,0,0,1,1,6,28
cane,cane,0,1,0,0,0,8,27
canister,canister,0,1,0,0,2,6,29
cannon,cannon,0,0,0,0,2,6,30
cannonball,cannonball,0,0,0,0,0,8,29
canoe,canoe,0,0,0,0,0,7,31
cantaloupe,cantaloupe,30,3,1,2,0,0,1
canvas,canvas,2,0,0,2,1,9,25
cap,cap,1,0,0,0,0,3,35
cape,cape,0,0,0,0,2,9,25
car,car,0,0,0,0,0,0,38
car door,car_door,1,0,0,0,0,1,35
car seat,car_seat,1,0,0,1,1,3,32
caramel,caramel,0,0,0,1,2,10,25
card,card,0,0,0,1,1,2,34
cardboard,cardboard,0,0,0,0,1,10,27
cardigan,cardigan,0,1,0,0,0,8,27
cardinal,cardinal,33,3,1,1,0,1,0
carousel,carousel,1,0,0,1,1,4,30
carriage,carriage,0,0,0,2,0,8,29
carrot,carrot,27,6,1,0,0,2,1
cart,cart,0,0,0,1,0,5,30
cash machine,cash_machine,0,0,0,1,1,2,30
cash register,cash_register,0,0,0,0,1,3,32
cashew,cashew,24,8,3,0,1,0,1
casserole,casserole,0,0,0,0,0,12,25
cassette,cassette,0,0,0,0,0,4,35
cat,cat,34,5,0,0,0,0,0
catapult,catapult,0,0,0,1,0,5,32
caterpillar,caterpillar,29,5,0,0,0,0,0
catfish,catfish,29,8,0,1,1,0,0
cauliflower,cauliflower,26,8,1,0,4,0,1
caviar,caviar,19,10,1,0,2,5,2
cd player,cd_player,0,0,0,0,1,2,30
celery,celery,26,6,0,3,3,0,0
cello,cello,0,0,0,0,0,6,32
cellphone,cellphone,0,0,0,1,0,2,34
cement mixer,cement_mixer,1,2,0,0,0,4,31
centerpiece,centerpiece,0,0,0,0,4,7,26
centrifuge,centrifuge,1,0,0,1,0,4,31
cereal,cereal,0,1,0,3,5,7,21
chain,chain,1,0,0,0,0,5,34
chainsaw,chainsaw,1,0,0,0,1,5,31
chair,chair,0,0,0,0,1,8,28
chalice,chalice,0,0,0,0,2,9,25
chalk,chalk,2,3,0,1,9,11,12
chalkboard,chalkboard,1,0,0,0,2,6,30
champagne,champagne,0,0,2,0,5,12,17
chandelier,chandelier,0,0,0,0,1,7,30
chaps,chaps,0,0,1,1,0,8,26
charcoal,charcoal,6,4,3,0,6,9,10
charger,charger,1,1,0,1,0,3,32
chariot,chariot,0,1,0,0,0,3,33
checkbook,checkbook,0,0,0,2,2,3,29
checkers,checkers,0,0,0,0,1,9,27
cheese,cheese,0,0,1,0,5,15,17
cheeseburger,cheeseburger,0,0,1,1,1,12,24
cheesecake,cheesecake,0,0,0,1,1,7,28
cheetah,cheetah,38,2,0,0,0,0,0
cherry,cherry,27,8,1,1,0,1,1
chess piece,chess_piece,0,0,0,1,0,6,31
chessboard,chessboard,0,0,0,0,0,8,28
chest,chest1,21,6,1,2,3,1,2
chest,chest2,0,0,1,0,0,4,32
chick,chick,36,1,1,0,0,0,1
chicken wire,chicken_wire,0,0,0,0,2,6,29
chicken,chicken1,23,6,4,0,3,1,0
chicken,chicken2,31,5,0,0,0,0,0
chickpea,chickpea,22,10,1,2,1,0,1
chihuahua,chihuahua,27,10,0,0,1,0,0
chili,chili,0,0,0,0,4,10,23
chime,chime,0,1,0,1,1,5,27
chimney,chimney,1,0,0,0,1,6,31
chin,chin,20,5,1,3,2,1,4
chinaware,chinaware,0,0,0,1,0,5,34
chinchilla,chinchilla,25,2,1,1,0,0,1
chip,chip,0,0,0,0,0,4,35
chipmunk,chipmunk,34,3,0,0,0,1,0
chips,chips,0,0,0,0,2,11,26
chisel,chisel,0,1,0,0,1,5,32
chive,chive,31,5,1,0,0,1,1
chocolate,chocolate,1,1,1,1,6,8,18
chopsticks,chopsticks,0,0,0,0,1,9,27
christmas card,christmas_card,0,0,1,0,2,5,31
christmas tree,christmas_tree,6,7,5,5,2,2,7
chute,chute,0,1,0,0,1,3,31
cigar,cigar,0,1,0,0,1,6,25
cigarette,cigarette,0,1,0,0,1,9,26
cigarette butt,cigarette_butt,0,0,0,0,1,5,30
cigarette holder,cigarette_holder,0,0,0,0,1,4,31
cilantro,cilantro,29,8,1,0,0,0,0
cinnamon,cinnamon,22,9,3,1,0,1,3
clam,clam,32,4,1,0,0,0,0
clarinet,clarinet,0,0,0,1,1,6,28
clasp,clasp,0,0,0,1,2,8,29
clay,clay,5,8,5,4,6,5,2
cleat,cleat,0,0,0,0,0,3,33
cleaver,cleaver,0,0,0,0,3,7,27
clipboard,clipboard,0,0,0,1,0,8,27
clipper,clipper1,1,1,0,0,1,5,29
clipper,clipper2,1,0,0,0,0,4,33
cloak,cloak,0,0,0,0,0,9,28
clock,clock,2,1,0,0,0,2,33
closet,closet,0,0,0,0,1,3,32
clothes,clothes,0,0,0,0,1,1,31
clothesline,clothesline,0,0,0,1,1,12,21
clothespin,clothespin,0,0,0,0,1,8,28
cloud,cloud,28,5,2,1,0,0,1
clove,clove,24,8,2,0,1,0,0
clover,clover,27,10,0,0,0,1,0
coal,coal,4,12,8,3,5,2,2
coaster,coaster,0,0,1,0,3,5,27
coat,coat,0,0,0,1,1,7,28
coat rack,coat_rack,0,0,0,1,1,6,31
cobra,cobra,29,4,1,0,0,0,1
cockatoo,cockatoo,32,6,0,0,1,0,0
cockroach,cockroach,32,5,1,0,0,0,0
cocktail,cocktail,0,0,0,0,2,11,25
coconut,coconut,34,1,1,0,0,1,0
cocoon,cocoon,31,4,0,0,0,2,0
coffee,coffee,1,1,4,1,5,12,11
coffee bean,coffee_bean,21,7,2,0,1,2,2
coffee filter,coffee_filter,0,0,0,0,2,4,30
coffee pot,coffee_pot,0,1,0,0,1,7,27
coffee table,coffee_table,0,0,0,0,3,5,29
coffeemaker,coffeemaker,0,0,0,0,0,1,34
coffin,coffin,1,0,0,0,0,4,34
coil,coil,0,0,1,0,1,6,28
coin,coin,1,0,0,0,0,6,31
coleslaw,coleslaw,0,0,0,0,8,8,22
collar,collar,0,0,0,0,2,9,27
column,column,0,0,0,0,1,8,27
comb,comb,0,0,1,0,0,4,31
combination lock,combination_lock,0,0,0,0,2,4,32
comic book,comic_book,1,0,0,1,0,7,29
compass,compass,0,0,0,0,0,7,28
compost,compost,3,7,6,3,10,5,5
computer,computer,2,0,1,0,1,3,31
computer screen,computer_screen,0,0,0,0,1,7,29
confetti,confetti,0,0,0,1,0,9,29
contact lens,contact_lens,1,1,0,0,1,6,29
container,container,2,0,0,0,0,3,31
cooker,cooker,0,0,0,0,1,8,31
cookie,cookie,0,0,0,1,2,5,28
cookie cutter,cookie_cutter,0,1,0,0,2,0,33
cookie sheet,cookie_sheet,0,2,0,0,1,3,32
cooler,cooler,0,0,0,0,2,3,33
coop,coop,0,0,0,0,0,8,28
copier,copier,1,0,0,0,0,2,33
coral,coral,34,2,0,0,0,1,0
cord,cord,1,1,0,0,0,3,32
cordon bleu,cordon_bleu,0,0,0,1,5,6,26
cork,cork,3,4,1,0,4,11,13
corkboard,corkboard,1,0,1,0,4,12,20
corkscrew,corkscrew,0,0,0,1,1,3,31
corn,corn,22,11,1,1,1,1,1
cornbread,cornbread,0,0,0,1,7,6,24
cornhusk,cornhusk,23,8,4,0,2,0,0
cornmeal,cornmeal,3,3,6,1,10,7,7
cornucopia,cornucopia,2,4,2,5,8,6,10
corsage,corsage,0,0,1,0,8,11,18
corset,corset,0,0,0,0,2,5,29
costume,costume,0,0,0,0,0,3,34
cot,cot,1,0,0,1,2,5,29
cotton candy,cotton_candy,1,0,0,0,2,8,26
couch,couch,0,0,0,0,0,6,31
cougar,cougar,34,4,0,0,0,0,1
counter,counter,0,0,0,0,2,11,24
coverall,coverall,0,0,1,0,1,7,27
cow,cow,34,5,0,0,0,1,0
coyote,coyote,32,3,2,0,0,0,1
crab,crab,34,3,0,0,0,0,0
cracker,cracker,0,0,0,0,2,12,21
cranberry,cranberry,22,10,1,0,0,2,0
crane,crane,0,0,1,0,0,4,33
crank,crank,1,0,0,0,0,6,31
crate,crate,0,0,0,0,2,5,30
crayfish,crayfish,35,3,0,0,0,1,0
crayon,crayon,0,1,0,0,1,5,31
cream,cream,0,1,0,1,4,12,19
cream cheese,cream_cheese,0,0,0,1,5,19,15
credit card,credit_card,1,1,0,0,0,3,35
creme brulee,creme_brulee,0,0,0,1,5,10,23
crepe,crepe,0,0,0,0,3,8,28
crib,crib,1,0,0,1,0,9,27
croissant,croissant,0,0,0,0,2,13,22
cross,cross,0,0,0,1,1,6,28
crossbow,crossbow,0,1,0,0,2,3,30
crouton,crouton,0,0,1,0,3,6,28
crow,crow,33,4,0,0,0,1,1
crowbar,crowbar,0,0,1,0,1,5,30
crown,crown,1,0,0,0,1,6,29
crucifix,crucifix,0,0,1,0,0,5,29
cruise ship,cruise_ship,1,0,0,0,0,2,34
crumb,crumb,1,2,1,6,8,9,10
crutch,crutch,0,0,0,0,2,7,30
crystal ball,crystal_ball,0,0,0,0,0,5,32
crystal,crystal1,6,10,1,6,6,5,0
crystal,crystal2,21,8,3,3,1,1,1
cuckoo clock,cuckoo_clock,0,0,0,0,0,2,36
cucumber,cucumber,26,9,3,1,0,0,0
cufflink,cufflink,0,0,0,0,1,9,29
cummerbund,cummerbund,0,0,0,0,0,6,29
cup,cup,1,0,1,1,2,7,24
cupcake,cupcake,0,0,0,0,1,11,28
curb,curb,0,0,0,0,0,7,30
curling iron,curling_iron,0,0,1,0,1,3,33
curry,curry,0,2,0,1,4,8,23
curtain,curtain,0,0,0,0,0,7,29
cushion,cushion,1,1,0,0,0,6,26
cutting board,cutting_board,0,0,0,1,4,9,23
cymbal,cymbal,0,0,0,0,0,9,29
dagger,dagger,0,0,0,1,0,8,31
daisy,daisy,31,5,0,0,1,0,0
dalmatian,dalmatian,29,4,0,1,0,0,1
dandelion,dandelion,34,2,0,2,0,0,0
dart,dart,1,0,0,1,0,4,32
dartboard,dartboard,0,0,0,0,0,5,33
dashboard,dashboard,1,1,0,1,1,4,31
deer,deer,36,2,0,0,0,0,0
defibrillator,defibrillator,0,2,1,1,2,3,30
denture,denture,0,0,0,1,0,5,32
deodorant,deodorant,0,1,0,0,1,4,31
desk,desk,0,0,0,0,3,6,28
dessert,dessert,0,0,0,0,3,10,24
detonator,detonator,0,0,0,0,0,2,36
dial,dial,0,1,0,0,0,4,33
diamond,diamond,11,8,3,1,8,4,4
diaper,diaper,0,0,1,0,1,6,31
dice,dice,0,0,0,1,0,5,33
dip,dip,0,0,0,0,1,8,27
dirt bike,dirt_bike,0,0,0,0,0,3,36
dish,dish,0,1,0,0,0,2,35
dishrag,dishrag,0,0,0,0,2,9,28
dishwasher,dishwasher,0,0,0,0,0,4,34
dishwashing liquid,dishwashing_liquid,0,0,0,0,0,5,33
diskette,diskette,0,0,1,1,2,3,27
diving board,diving_board,0,0,1,0,0,5,32
dog,dog,32,1,1,1,1,0,0
dogfood,dogfood,0,0,0,1,3,11,19
doghouse,doghouse,0,0,0,0,1,9,29
doily,doily,0,0,0,0,1,7,31
doll,doll,0,1,0,0,1,1,34
dollhouse,dollhouse,0,0,0,0,1,7,28
dolly,dolly,2,0,0,1,2,6,28
dolphin,dolphin,37,1,0,1,0,0,0
domino,domino,0,0,0,0,2,4,30
donkey,donkey,31,2,0,1,1,4,0
donut,donut,0,0,0,1,0,7,26
door,door,0,0,0,0,0,8,30
doorbell,doorbell,1,0,0,0,0,4,31
doorhandle,doorhandle,0,0,0,1,0,5,30
doorknob,doorknob,0,0,0,1,0,5,32
doorknocker,doorknocker,0,1,1,0,0,7,27
doormat,doormat,0,0,0,0,1,5,31
doorstop,doorstop,1,1,0,0,1,6,29
dough,dough,0,2,0,2,9,4,18
dragonfly,dragonfly,28,5,1,0,0,0,1
drain,drain,1,0,0,1,0,12,22
drawer,drawer,0,0,0,0,0,7,32
dreidel,dreidel,0,0,0,1,1,9,25
dress,dress,0,0,1,1,0,4,30
dresser,dresser,0,0,1,1,0,7,28
drill,drill,0,0,0,1,0,5,29
drink,drink,0,1,0,4,6,9,18
drum,drum,0,0,0,0,0,5,33
drumstick,drumstick,0,0,0,1,0,8,28
dryer,dryer,0,1,0,0,0,4,33
duck,duck,34,4,0,0,0,0,0
duckling,duckling,32,3,1,0,1,1,0
duct,duct,0,0,0,1,2,5,31
duct tape,duct_tape,1,0,0,0,1,9,27
duffel bag,duffel_bag,1,0,0,0,0,4,33
dumbbell,dumbbell,0,1,0,0,1,5,31
dumbwaiter,dumbwaiter,1,0,1,0,0,4,29
dumpling,dumpling,0,0,0,0,2,8,26
dumpster,dumpster,2,0,0,0,0,3,31
duster,duster,0,0,0,1,1,6,29
dustpan,dustpan,1,0,0,0,0,8,28
dynamite,dynamite,0,0,0,0,0,8,30
eagle,eagle,34,0,1,2,0,1,0
ear,ear,26,4,1,2,0,3,2
earplug,earplug,0,0,0,0,3,7,29
earring,earring,0,0,0,0,3,8,29
earwig,earwig,34,2,0,0,0,0,0
easel,easel,0,0,0,0,1,6,31
easter egg,easter_egg,2,4,3,2,7,10,9
eclair,eclair,0,0,0,1,0,7,27
eel,eel,32,4,0,1,0,0,0
egg,egg,27,5,2,0,0,1,0
egg roll,egg_roll,1,0,0,1,1,7,28
eggbeater,eggbeater,0,0,0,0,0,0,38
eggnog,eggnog,0,0,0,0,2,10,28
eggplant,eggplant,27,6,3,1,0,1,0
eggshell,eggshell,35,3,0,0,1,0,0
elbow,elbow,26,5,0,2,4,0,1
electric chair,electric_chair,1,0,0,0,0,7,29
elephant,elephant,32,3,1,0,0,0,1
emerald,emerald,27,8,3,0,0,0,0
enchilada,enchilada,0,0,0,0,2,12,25
engine,engine,0,1,0,0,0,5,33
envelope,envelope,0,0,0,1,3,11,23
eraser,eraser,1,0,0,1,0,10,26
espresso,espresso,0,0,0,1,5,13,19
exerciser,exerciser,0,0,0,2,1,5,30
exhaust pipe,exhaust_pipe,0,0,0,0,0,3,33
extinguisher,extinguisher,0,0,1,0,2,6,27
eye,eye,26,9,0,1,0,1,1
eye patch,eye_patch,0,0,0,0,0,8,28
eyedropper,eyedropper,0,0,1,0,2,2,30
eyeliner,eyeliner,0,0,0,0,2,4,30
eyepiece,eyepiece,0,0,0,0,0,8,31
face,face,19,6,3,3,1,3,3
face mask,face_mask,0,1,0,0,1,5,31
fan,fan,0,1,0,0,0,5,31
fast food,fast_food,0,0,0,1,1,17,16
faucet,faucet,0,0,0,0,1,4,33
feather,feather,33,5,1,0,0,0,1
fence,fence,0,0,0,1,0,12,25
fencepost,fencepost,0,0,0,0,3,6,29
fern,fern,30,4,1,0,0,0,0
ferret,ferret,35,4,0,0,1,0,0
ferris wheel,ferris_wheel,0,0,0,1,1,4,30
ferry,ferry,0,0,0,0,1,0,33
fig,fig,28,5,0,1,0,1,1
figurine,figurine,0,0,0,0,1,4,35
file,file1,1,0,0,0,1,1,32
file,file2,0,0,1,0,0,5,29
filing cabinet,filing_cabinet,0,0,2,0,0,4,31
film,film,1,0,0,0,0,5,33
filter,filter,0,0,1,1,0,2,30
finger,finger,22,8,0,1,3,0,3
fingerprint,fingerprint,13,5,2,2,3,5,7
fire,fire,2,2,6,7,7,8,8
fire alarm,fire_alarm,0,0,0,1,0,5,32
fire hydrant,fire_hydrant,0,0,0,0,0,4,36
fire pit,fire_pit,1,0,0,0,0,6,32
firecracker,firecracker,0,0,0,0,0,2,34
fireplace,fireplace,0,0,0,0,0,12,25
firetruck,firetruck,0,2,0,0,1,4,27
firewood,firewood,11,12,3,1,6,1,0
fireworks,fireworks,0,0,0,0,1,3,34
first-aid kit,first-aid_kit,0,1,0,0,1,3,33
fish,fish,28,8,1,0,0,0,0
fishbowl,fishbowl,1,0,0,0,3,8,26
fishhook,fishhook,1,0,0,0,1,3,28
fishing pole,fishing_pole,0,0,0,1,1,4,29
fishnet stockings,fishnet_stockings,0,0,0,1,0,7,27
flag,flag,0,0,0,0,2,3,33
flagpole,flagpole,0,0,0,0,0,7,29
flamethrower,flamethrower,0,2,0,1,1,6,28
flamingo,flamingo,31,2,0,1,0,0,0
flan,flan,0,0,0,0,4,9,25
flashbulb,flashbulb,0,0,0,0,0,6,31
flashlight,flashlight,0,1,0,0,0,7,31
flask,flask,0,0,0,1,1,3,34
flatiron,flatiron,1,1,0,0,0,1,34
flip-flop,flip_flop,0,1,0,1,1,3,26
flipper,flipper,0,1,0,0,0,3,35
float,float,0,1,0,0,2,9,27
floss,floss,0,1,1,0,4,2,28
flour,flour,2,1,4,1,12,12,5
flower,flower,34,2,0,1,1,0,0
flute,flute,1,0,0,0,1,5,31
fly,fly,33,5,0,0,0,0,0
flypaper,flypaper,0,0,0,0,0,3,35
flyswatter,flyswatter,2,0,0,0,0,3,30
foam,foam,0,0,0,0,0,4,34
folder,folder,0,0,0,0,1,4,29
fondue,fondue,0,0,1,0,1,7,29
food processor,food_processor,0,0,0,0,0,1,37
foot,foot,31,2,0,3,2,0,2
football,football,0,0,0,0,0,6,29
football helmet,football_helmet,0,0,0,0,2,7,31
footbath,footbath,0,1,1,0,3,6,24
footprint,footprint,0,0,0,1,3,9,24
footrest,footrest,0,0,0,0,3,5,31
fork,fork,0,0,0,0,0,5,30
forklift,forklift,0,0,0,1,1,5,28
fossil,fossil,25,7,1,1,1,0,0
fountain pen,fountain_pen,0,0,0,0,1,4,30
fox,fox,34,4,0,0,0,0,0
frame,frame,0,0,1,0,1,8,28
freezer,freezer,0,0,1,0,0,0,38
french fries,french_fries,0,0,1,1,6,10,20
french horn,french_horn,0,0,0,0,0,6,32
frisbee,frisbee,0,0,0,0,0,7,31
frog,frog,34,1,0,2,0,1,0
fruit,fruit,24,9,2,1,0,2,0
fruitcake,fruitcake,0,0,0,0,1,7,30
fudge,fudge,0,0,0,0,0,8,30
fungus,fungus,33,6,1,0,0,0,0
funnel,funnel,0,0,1,0,1,4,31
fur coat,fur_coat,1,0,1,0,9,9,17
furnace,furnace,0,0,0,0,0,3,34
fuse,fuse,1,0,0,0,1,2,31
gallows,gallows,0,0,0,0,0,9,30
game,game,0,1,1,0,0,6,29
garbage,garbage,0,0,0,1,2,14,22
garbage truck,garbage_truck,1,1,0,0,2,5,26
gargoyle,gargoyle,1,0,0,1,1,9,27
garlic,garlic,28,7,0,0,0,0,0
garter,garter,0,0,0,0,1,4,33
gas mask,gas_mask,1,0,0,0,2,4,32
gasket,gasket,0,1,1,0,3,3,30
gate,gate,0,0,0,1,0,4,32
gauge,gauge,0,0,0,0,1,6,31
gauze,gauze,1,0,0,0,0,7,29
gavel,gavel,0,0,0,0,0,10,27
gazelle,gazelle,35,0,1,0,0,1,0
gear,gear,0,0,0,0,1,7,31
gearshift,gearshift,0,0,0,0,0,1,38
gel,gel,0,0,0,1,3,16,17
gem,gem,8,5,8,2,7,3,1
generator,generator,0,0,1,0,2,3,32
gift,gift,1,1,0,4,2,15,15
ginger,ginger,28,6,2,1,1,1,0
gingerbread man,gingerbread_man,0,0,0,0,4,6,26
giraffe,giraffe,34,1,1,1,0,0,0
girl,girl,16,9,1,1,5,5,2
glass,glass,0,1,0,0,1,5,31
glasses,glasses,0,1,0,0,0,7,29
globe,globe,0,0,0,0,1,5,30
glove,glove,0,0,1,0,1,4,33
glue,glue,1,0,0,0,1,5,29
go-kart,go-kart,1,0,0,0,1,6,30
goalpost,goalpost,0,0,0,0,0,2,38
goat,goat,28,8,0,0,0,0,1
goblet,goblet,0,1,0,0,1,10,28
goggles,goggles,0,0,0,0,0,2,33
gold,gold,26,12,1,0,0,1,0
goldfish,goldfish,31,4,2,0,0,0,1
golf cart,golf_cart,1,0,0,0,2,6,29
golf club,golf_club,1,1,0,1,2,2,25
gondola,gondola,0,0,0,0,0,5,33
gong,gong,0,0,0,0,1,6,32
goose,goose,31,6,1,1,0,0,1
gopher,gopher,36,2,0,0,0,0,0
gorilla,gorilla,35,2,0,0,0,1,0
gourd,gourd,26,6,3,1,0,0,1
graffiti,graffiti,2,0,0,0,0,3,32
grain,grain,16,13,2,1,5,2,0
gramophone,gramophone,0,0,0,0,0,2,33
granite,granite,13,14,1,3,3,1,4
granola,granola,1,3,5,1,6,10,11
grape,grape,27,6,0,1,0,0,3
grapefruit,grapefruit,31,2,2,1,0,0,1
grapevine,grapevine,22,9,2,1,3,2,0
grass,grass,26,6,3,0,1,0,0
grasshopper,grasshopper,34,1,0,0,0,0,1
grate,grate,1,0,0,0,0,3,35
grater,grater,0,1,0,0,2,3,31
gravel,gravel,7,4,6,3,7,2,7
gravestone,gravestone,0,0,0,2,1,5,29
gravy,gravy,0,0,1,0,3,8,25
green beans,green_beans,27,11,1,0,0,1,0
grenade,grenade,0,0,0,0,3,1,34
grill,grill,0,1,1,1,1,4,28
grille,grille,0,0,0,0,2,5,33
grinder,grinder,1,0,0,0,1,6,30
grits,grits,1,2,3,0,4,12,13
groundhog,groundhog,32,3,0,1,0,0,0
guacamole,guacamole,1,1,3,2,5,14,10
guardrail,guardrail,1,0,0,0,1,3,33
guillotine,guillotine,0,0,0,0,1,3,34
guinea pig,guinea_pig,24,8,1,2,0,0,0
guitar,guitar,0,0,0,0,1,3,35
gum,gum,0,0,0,0,1,9,29
gumball,gumball,0,0,0,0,0,6,33
gumdrop,gumdrop,0,0,0,0,0,9,27
gun,gun,1,0,0,0,0,1,36
gurney,gurney,0,0,1,1,2,4,31
gutter,gutter,2,1,0,0,0,4,29
gyro,gyro,0,0,0,0,3,9,27
gyroscope,gyroscope,0,0,0,0,4,5,30
hail,hail,31,6,0,0,0,0,0
hair,hair,28,7,0,3,0,2,0
hairbrush,hairbrush,0,0,0,1,0,8,31
hairdryer,hairdryer,2,0,0,0,0,0,36
hairnet,hairnet,1,0,0,2,0,6,27
hairpin,hairpin,0,0,0,0,1,6,31
hairspray,hairspray,0,1,0,0,0,5,30
ham,ham,8,7,2,2,11,5,3
hamburger,hamburger,1,0,1,0,2,14,20
hammer,hammer,0,1,0,0,0,5,30
hammock,hammock,0,0,0,0,0,7,30
hamster,hamster,34,2,1,0,0,0,1
hand,hand,24,9,0,2,1,0,2
handbrake,handbrake,1,0,0,0,1,1,34
handcuff,handcuff,0,0,0,0,0,2,33
handkerchief,handkerchief,0,0,1,0,0,7,30
handle,handle,1,0,0,0,0,8,30
handlebar,handlebar,0,1,1,1,0,5,27
handprint,handprint,1,1,0,0,3,8,24
hanger,hanger,0,0,0,0,2,6,29
hard disk,hard_disk,0,1,1,1,2,6,26
harmonica,harmonica,0,0,1,1,1,2,31
harness,harness,0,0,1,1,0,1,35
harp,harp,0,0,0,1,0,9,25
hash,hash,1,0,0,0,6,9,22
hat,hat,0,0,1,0,1,6,28
hatbox,hatbox,0,0,0,0,0,5,30
hatchet,hatchet,1,0,0,0,3,4,30
hawk,hawk,28,6,1,0,0,0,0
hay,hay,12,10,5,1,6,2,2
headband,headband,0,0,0,0,2,3,33
headdress,headdress,2,0,0,0,0,11,25
headlamp,headlamp,1,0,0,0,1,5,30
headlight,headlight,0,0,1,0,0,3,29
headphones,headphones,0,2,0,1,0,3,30
headrest,headrest,0,0,0,0,0,3,35
headscarf,headscarf,0,0,0,0,1,6,31
headset,headset,1,1,0,0,0,0,37
hearing aid,hearing_aid,0,0,0,0,0,2,35
hearse,hearse,1,0,0,0,1,2,33
heater,heater,0,2,1,0,1,5,30
hedge,hedge,5,8,4,3,12,4,4
hedgehog,hedgehog,36,2,0,0,1,0,0
helicopter,helicopter,2,0,0,1,0,0,36
helmet,helmet,0,1,0,0,1,6,31
highchair,highchair,0,0,0,1,0,7,28
highlighter,highlighter,0,0,0,0,0,6,32
hinge,hinge,0,1,0,0,2,6,30
hip,hip,25,5,1,2,2,1,4
hippopotamus,hippopotamus,32,5,0,0,0,0,0
hobbyhorse,hobbyhorse,0,0,0,0,0,8,31
hockey stick,hockey_stick,0,0,0,0,2,8,28
hoe,hoe,0,0,0,1,1,8,27
hole,hole,1,1,1,18,7,5,2
holster,holster,0,0,0,0,2,9,29
home plate,home_plate,0,0,0,0,1,3,32
honey,honey,26,4,1,1,3,1,1
honeycomb,honeycomb,26,5,1,1,0,2,1
honeypot,honeypot,0,0,0,0,0,5,33
hood,hood,0,0,1,0,0,4,29
hoodie,hoodie,0,0,0,0,1,11,25
hook,hook1,0,0,0,1,2,6,30
hook,hook2,0,0,0,0,0,9,28
hookah,hookah,0,0,0,0,0,4,33
hopscotch,hopscotch,0,0,0,1,0,11,23
horn,horn,2,0,1,0,1,3,27
horse,horse,29,7,0,1,1,0,0
horseshoe,horseshoe,0,0,1,0,1,9,27
hose,hose,0,0,0,0,0,4,33
hot-air balloon,hot-air_balloon,0,0,0,0,0,5,30
hot-water bottle,hot-water_bottle,0,0,0,1,1,4,27
hot chocolate,hot_chocolate,0,1,1,0,5,13,17
hot tub,hot_tub,0,0,0,0,1,3,33
hotdog,hotdog,0,0,1,0,3,7,28
hotplate,hotplate,0,1,0,0,1,1,32
hourglass,hourglass,0,1,0,0,0,6,29
hovercraft,hovercraft,0,0,0,0,0,3,35
hubcap,hubcap,0,0,0,0,0,7,31
hula hoop,hula_hoop,0,1,0,0,0,1,34
hummingbird,hummingbird,35,1,0,0,0,0,1
hummus,hummus,2,0,0,2,6,8,21
humvee,humvee,0,1,0,1,3,4,29
hydrant,hydrant,1,1,0,0,0,5,33
hyena,hyena,33,3,0,0,0,0,0
ice,ice,18,6,5,6,2,1,0
ice-cream cone,ice-cream_cone,0,0,0,0,3,5,29
ice cream,ice_cream,0,0,1,0,2,11,23
ice cube,ice_cube,0,2,1,5,9,8,13
ice pack,ice_pack,0,0,0,1,0,7,30
icemaker,icemaker,0,0,0,0,1,3,32
icepick,icepick,0,0,0,0,0,3,32
iceskate,iceskate,0,0,0,0,0,9,29
icicle,icicle,29,7,3,0,0,0,0
iguana,iguana,37,2,0,0,0,0,0
incense,incense,0,1,0,0,5,14,17
incubator,incubator,0,0,0,0,4,7,28
inhaler,inhaler,0,1,0,1,2,2,32
ink,ink,0,0,1,3,7,9,17
inkwell,inkwell,0,0,0,0,0,9,28
insole,insole,1,1,0,1,0,10,23
iron,iron,0,0,0,0,1,5,32
ironing board,ironing_board,0,0,0,0,0,7,29
ivy,ivy,32,4,0,0,1,0,0
jack,jack,0,0,0,0,0,7,30
jacket,jacket,0,0,0,1,0,7,31
jackhammer,jackhammer,0,0,0,1,2,1,29
jalapeno,jalapeno,26,9,2,0,0,1,0
jam,jam,0,0,1,1,3,17,16
jar,jar,1,0,1,1,1,2,31
javelin,javelin,0,0,0,1,0,11,25
jeans,jeans,1,0,0,0,0,10,27
jeep,jeep,0,0,0,0,2,4,32
jelly bean,jelly_bean,0,0,0,0,1,8,27
jellyfish,jellyfish,30,6,0,0,0,0,0
jersey,jersey,1,1,1,0,0,6,28
jet,jet,1,0,0,0,0,4,32
jetski,jetski,1,1,0,0,1,1,35
jewel,jewel,6,8,3,6,7,1,5
jewelry,jewelry,0,0,0,0,2,12,24
jigsaw puzzle,jigsaw_puzzle,0,0,0,0,0,7,28
joystick,joystick,0,0,1,0,2,5,31
jug,jug,0,0,0,0,2,8,29
juice,juice,0,2,5,2,10,7,11
juicer,juicer1,0,1,0,0,0,4,29
juicer,juicer2,0,2,0,0,0,5,32
jukebox,jukebox,1,1,0,1,1,2,31
jump rope,jump_rope,0,0,1,0,1,7,30
jumpsuit,jumpsuit,0,0,0,0,0,3,34
kale,kale,24,8,2,1,1,0,1
kaleidoscope,kaleidoscope,0,0,0,1,2,6,28
kangaroo,kangaroo,34,3,1,0,0,0,0
kayak,kayak,0,0,0,0,0,7,28
kazoo,kazoo,1,0,0,0,0,7,28
kebab,kebab,0,0,0,0,7,9,21
keg,keg,1,0,0,0,2,3,30
ketchup,ketchup,0,0,0,1,3,13,21
kettle,kettle,0,0,0,0,0,5,31
key,key,0,1,0,0,0,2,35
keyboard,keyboard,0,0,0,0,4,3,29
keyhole,keyhole,0,1,0,0,4,5,25
kilt,kilt,0,1,0,0,0,4,30
kimono,kimono,1,0,0,0,2,6,27
kite,kite,0,0,0,0,0,7,30
kitten,kitten,33,4,2,1,0,0,0
kiwi,kiwi,33,4,0,0,1,0,0
knee,knee,19,12,0,2,1,1,1
kneepad,kneepad,0,2,1,0,2,4,28
knife,knife,1,0,0,1,1,3,30
knitting,knitting,1,0,0,0,3,2,29
knitting needle,knitting_needle,0,0,0,0,0,9,28
knob,knob,0,2,0,1,1,10,24
knot,knot,0,0,0,1,3,14,22
koala,koala,33,2,0,2,0,0,0
lab coat,lab_coat,0,0,0,1,0,6,33
ladder,ladder,0,0,0,0,1,3,29
ladle,ladle,1,0,0,0,0,6,28
ladybug,ladybug,29,5,0,1,0,1,0
lamb,lamb,29,6,0,0,1,0,1
lamb chop,lamb_chop,11,7,3,3,4,7,3
lamp,lamp,1,0,0,1,0,4,32
lamppost,lamppost,0,0,0,0,0,2,36
lampshade,lampshade,1,0,0,0,1,7,31
landmine,landmine,1,0,0,0,1,3,28
lantern,lantern,0,0,0,0,2,8,25
lanyard,lanyard,0,0,1,0,0,5,31
laptop,laptop,0,0,0,0,0,3,32
lasagna,lasagna,1,0,0,0,4,9,23
laser pointer,laser_pointer,0,0,0,0,0,7,28
latch,latch,1,0,0,0,0,4,32
latte,latte,1,0,0,0,5,10,21
laundry basket,laundry_basket,0,2,0,0,0,3,32
lava,lava,34,4,0,0,0,0,0
lavender,lavender,24,8,0,1,1,1,2
lawnmower,lawnmower,1,1,0,0,1,5,29
leaf,leaf,34,3,0,0,0,0,0
leash,leash,2,0,0,0,1,2,31
lectern,lectern,0,0,0,0,0,7,28
leech,leech,28,6,3,0,0,1,0
leek,leek,26,3,1,0,1,2,1
leg,leg,23,5,3,4,1,2,2
leggings,leggings,1,0,0,0,2,4,31
lego,lego,1,1,0,0,1,6,30
lemon,lemon,31,4,2,0,1,1,1
lemonade,lemonade,1,0,2,1,4,13,17
lens,lens,0,0,0,0,1,9,27
leopard,leopard,36,2,1,1,0,0,0
leotard,leotard,0,0,0,0,1,8,27
letter opener,letter_opener,1,0,0,1,2,5,29
lettuce,lettuce,23,11,2,2,1,0,1
license plate,license_plate,0,1,0,0,0,6,31
licorice,licorice,2,0,0,1,1,8,25
lid,lid,0,1,0,0,0,3,35
life jacket,life_jacket,0,0,0,0,1,7,30
lifesaver,lifesaver,1,0,0,0,0,6,29
light switch,light_switch,0,0,1,0,1,3,34
lightbulb,lightbulb,0,0,0,0,0,5,32
lighter,lighter,1,0,0,1,0,3,35
lightning bug,lightning_bug,28,6,0,1,1,1,0
lime,lime,33,4,0,1,0,0,0
limousine,limousine,0,0,0,0,1,3,34
lingerie,lingerie,0,0,0,0,0,6,31
lion,lion,34,1,0,0,0,0,0
lip balm,lip_balm,0,0,0,0,1,9,24
lip gloss,lip_gloss,0,0,0,0,1,6,28
lipstick,lipstick,0,0,0,0,0,5,35
lizard,lizard,31,2,0,2,1,0,0
llama,llama,34,2,0,0,0,0,0
lobster,lobster,34,3,0,1,0,1,0
lock,lock,2,1,0,0,1,2,31
locker,locker,1,1,0,0,0,0,32
locket,locket,0,0,0,1,1,6,29
log,log,28,7,1,1,2,0,0
loincloth,loincloth,0,0,1,0,2,10,22
lollipop,lollipop,0,0,0,0,0,8,27
loom,loom,0,0,0,0,1,5,31
loveseat,loveseat,0,0,0,0,2,4,28
luggage,luggage,0,1,0,0,0,5,33
lumber,lumber,3,4,2,1,11,8,8
lunchbox,lunchbox,0,0,1,0,1,2,35
macadamia,macadamia,29,2,4,2,0,0,0
macaroni,macaroni,0,0,0,1,4,8,26
machete,machete,0,0,0,1,1,6,29
machine gun,machine_gun,1,0,0,0,0,5,29
maggot,maggot,31,6,0,0,0,0,1
magnet,magnet,0,0,2,2,8,8,18
magnifier,magnifier,0,1,1,1,2,4,30
magnifying glass,magnifying_glass,1,0,0,0,1,3,31
mail,mail,0,0,0,0,0,5,31
mailbox,mailbox,0,0,0,1,0,2,33
makeup,makeup,0,0,0,0,1,5,29
mallet,mallet,0,1,0,0,1,5,32
man,man,15,5,1,1,9,0,6
manatee,manatee,35,4,0,0,0,0,0
mandolin,mandolin,1,0,0,0,3,10,24
mango,mango,33,2,0,0,0,0,0
manhole,manhole,1,0,0,1,0,2,32
mannequin,mannequin,0,0,0,0,0,6,34
mantle,mantle,0,0,1,0,0,9,24
map,map,1,0,0,0,0,10,28
maple syrup,maple_syrup,6,2,3,1,6,7,11
marble,marble,0,1,0,3,0,3,30
margarita,margarita,1,0,0,0,1,8,26
marijuana,marijuana,22,6,3,0,3,1,0
marker,marker,0,0,0,0,2,7,27
marmalade,marmalade,0,1,0,0,3,12,22
marshmallow,marshmallow,0,0,1,0,3,10,22
mascara,mascara,0,0,0,0,1,7,31
mashed potato,mashed_potato,0,1,1,1,6,11,17
mask,mask,0,0,0,0,2,8,26
mast,mast,0,0,0,0,1,8,28
mat,mat,0,0,0,0,1,11,25
match,match,0,1,0,0,1,8,28
matchbox,matchbox,0,0,0,1,0,4,32
mattress,mattress,0,0,0,1,1,4,31
measuring cup,measuring_cup,0,0,0,0,0,5,33
meat,meat,20,12,2,0,1,0,0
meat grinder,meat_grinder,1,0,0,0,0,2,34
meatball,meatball,0,0,0,1,5,7,27
meatloaf,meatloaf,0,0,2,0,2,10,24
medal,medal,0,0,0,0,1,5,33
meerkat,meerkat,32,5,1,0,0,0,1
megaphone,megaphone,0,0,0,1,1,3,34
melon,melon,29,5,1,1,1,0,1
memory stick,memory_stick,0,1,0,0,1,5,31
metal detector,metal_detector,0,0,0,0,1,3,32
metronome,metronome,1,0,0,0,3,3,30
microphone,microphone,0,1,0,0,0,3,34
microscope,microscope,1,0,0,0,2,2,32
microwave,microwave,0,1,2,1,0,3,30
milk,milk,16,11,4,2,1,3,0
milkshake,milkshake,0,0,0,0,1,9,28
minivan,minivan,1,1,0,1,1,4,31
mint,mint,28,8,0,1,0,0,0
mirror,mirror,0,0,1,0,1,9,25
missile,missile,0,0,0,0,1,4,32
mistletoe,mistletoe,13,6,5,2,4,2,5
mitten,mitten,0,0,1,0,1,2,31
mixer,mixer,0,0,0,0,0,2,35
moccasin,moccasin,0,0,0,1,0,6,31
modem,modem,0,0,0,0,1,8,29
mold,mold1,0,0,0,0,2,8,29
mold,mold2,22,8,2,3,0,0,1
mole,mole,34,6,0,0,0,0,0
money,money,0,0,0,0,1,2,35
mongoose,mongoose,34,3,0,0,0,0,0
monkey,monkey,32,3,0,0,0,0,1
moose,moose,32,4,0,0,0,0,1
mop,mop,0,0,0,0,2,9,28
mosquito,mosquito,34,4,0,0,0,0,0
mosquito net,mosquito_net,0,0,0,0,1,5,29
moss,moss,29,5,1,0,1,0,0
moth,moth,33,2,0,1,1,0,0
motherboard,motherboard,1,0,0,0,1,7,27
motorcycle,motorcycle,1,0,0,0,0,5,32
mouse,mouse1,32,3,0,2,0,0,1
mouse,mouse2,0,0,0,0,2,6,30
mousepad,mousepad,1,0,0,0,0,5,32
mousetrap,mousetrap,0,0,0,0,2,4,30
mousse,mousse,0,0,0,1,2,5,30
mouth,mouth,30,4,1,2,1,0,0
mouthpiece,mouthpiece,0,0,0,0,1,3,36
mud,mud,21,13,2,1,0,0,1
muff,muff,0,0,1,2,3,7,23
muffin,muffin,1,0,0,1,1,6,30
mug,mug,0,0,0,0,1,4,34
mulberry,mulberry,30,5,0,0,1,0,2
mulch,mulch,5,3,5,3,10,6,5
mullet,mullet,1,0,2,1,5,12,17
mushroom,mushroom,30,4,0,0,0,1,0
music box,music_box,2,0,0,0,1,4,30
mussel,mussel,30,4,2,0,1,1,0
mustache,mustache,12,6,2,4,4,3,8
mustard,mustard,0,1,0,0,4,14,18
nacho,nacho,0,0,0,0,2,11,24
nail,nail,0,0,0,0,0,10,24
nail clippers,nail_clippers,0,0,1,0,0,2,35
nail file,nail_file,1,0,0,1,0,6,25
nail polish,nail_polish,2,0,0,0,1,5,31
napkin,napkin,0,1,0,0,0,5,33
napkin ring,napkin_ring,0,0,0,0,1,5,30
navel,navel,23,8,1,2,0,1,2
neck,neck,24,4,3,3,1,2,1
necklace,necklace,0,0,0,0,1,5,30
needle,needle,0,1,1,0,2,0,34
nest,nest,22,12,1,0,0,0,1
net,net,1,0,0,0,2,5,25
nightshirt,nightshirt,0,1,0,0,0,4,29
nightstand,nightstand,0,0,0,0,0,4,35
noisemaker,noisemaker,0,0,0,0,0,2,34
noodle,noodle,0,0,1,1,2,15,20
noose,noose,0,0,0,0,0,7,30
nose,nose,26,6,1,2,0,1,2
notebook,notebook,0,2,0,0,0,9,27
notepad,notepad,0,0,0,0,1,11,26
nut,nut,24,7,1,1,1,4,0
nutcracker,nutcracker,0,0,0,1,1,3,33
oar,oar,0,0,0,0,3,11,23
oatmeal,oatmeal,5,1,2,2,12,9,9
octopus,octopus,35,4,0,0,0,0,0
odometer,odometer,1,0,0,1,0,2,33
oil,oil,1,5,6,2,10,9,6
oilcan,oilcan,1,1,0,0,0,3,32
okra,okra,28,8,0,0,0,1,1
olive,olive,29,7,1,1,0,1,0
omelet,omelet,0,1,0,0,1,10,26
onion,onion,27,7,0,0,1,1,0
orange,orange,25,7,0,0,1,1,1
orange rind,orange_rind,32,6,1,0,0,0,0
orangutan,orangutan,33,4,0,0,2,0,0
orchid,orchid,31,3,0,2,0,0,1
organ,organ,1,0,0,0,0,4,30
origami,origami,0,0,0,1,3,3,31
ostrich,ostrich,34,2,0,1,0,0,0
otter,otter,35,1,0,0,1,0,2
ottoman,ottoman,1,0,0,0,0,4,31
outfit,outfit,0,0,0,0,1,6,32
outlet,outlet,0,0,0,0,1,2,31
oven,oven,0,0,0,0,0,4,33
overalls,overalls,0,0,0,1,0,4,31
owl,owl,31,3,0,1,0,0,0
oyster,oyster,33,6,0,0,1,0,0
pacifier,pacifier,1,0,0,0,0,3,27
paddle,paddle,0,0,0,1,0,8,29
padlock,padlock,0,0,0,1,1,4,29
paint,paint,0,0,1,0,1,10,25
paintbrush,paintbrush,0,0,0,1,2,9,23
painting,painting,0,0,0,1,0,4,32
pajamas,pajamas,0,1,1,0,2,8,23
palette,palette,0,0,0,0,1,8,27
pallet,pallet,0,0,0,1,0,5,32
palm tree,palm_tree,28,6,0,0,1,2,1
pan,pan,1,0,1,0,0,2,36
pancake,pancake,0,0,0,0,3,11,24
panda,panda,37,1,0,0,1,0,0
panther,panther,36,3,0,0,0,0,0
panties,panties,0,0,0,0,1,5,30
pants,pants,1,0,0,0,2,4,31
pantsuit,pantsuit,0,0,0,0,0,7,29
pantyhose,pantyhose,0,0,1,1,0,8,26
papaya,papaya,31,3,1,1,1,0,0
paper,paper,0,1,0,0,2,3,33
paper bag,paper_bag,0,0,0,0,4,5,26
paper plate,paper_plate,0,0,0,0,1,13,23
paper towel,paper_towel,0,0,0,0,1,10,25
paperclip,paperclip,0,1,0,1,1,5,27
paperweight,paperweight,1,0,0,0,0,9,28
parachute,parachute,0,0,0,0,0,6,31
parfait,parfait,0,0,0,1,1,14,23
parking meter,parking_meter,1,0,0,0,0,3,31
parrot,parrot,33,3,0,0,0,0,2
parsley,parsley,28,9,1,0,0,1,0
pasta,pasta,0,0,0,1,2,7,27
pastry,pastry,0,0,1,0,4,6,25
patch,patch,0,0,0,1,2,10,24
patty,patty,0,0,1,2,3,12,20
payphone,payphone,0,0,0,0,1,2,33
pea,pea,29,3,3,0,0,0,1
peach,peach,25,9,0,1,2,0,1
peacock,peacock,36,2,0,0,1,0,0
peanut,peanut,30,4,1,1,0,2,1
peanut butter,peanut_butter,0,0,0,1,7,12,20
pear,pear,26,6,2,1,2,1,1
pearl,pearl,22,8,1,3,2,0,0
pecan,pecan,25,3,1,1,2,2,1
pedal,pedal,0,0,0,0,0,9,29
pedometer,pedometer,0,0,0,1,0,5,30
peeler,peeler,1,0,0,0,3,5,26
peg,peg,0,0,0,0,3,10,26
pelican,pelican,35,1,1,0,0,0,0
pen,pen,0,0,0,0,2,1,32
pencil,pencil,0,0,0,1,1,8,26
pencil sharpener,pencil_sharpener,0,0,0,0,0,3,32
pendulum,pendulum,1,0,0,0,3,9,25
penguin,penguin,32,2,1,1,1,0,0
penholder,penholder,1,0,1,0,3,10,24
penlight,penlight,0,0,0,1,0,4,33
pennant,pennant,0,0,0,0,0,5,29
pepper mill,pepper_mill,0,0,0,0,0,7,33
pepper,pepper1,15,10,3,1,2,2,1
pepper,pepper2,26,9,2,1,1,1,0
peppermint,peppermint,0,0,0,0,2,8,28
pepperoni,pepperoni,0,1,1,0,6,16,13
perfume,perfume,0,0,0,0,0,13,25
periscope,periscope,0,0,0,1,3,5,28
pesto,pesto,2,1,1,0,4,11,17
pet food,pet_food,0,0,1,0,4,9,25
petal,petal,33,4,0,0,1,0,1
petri dish,petri_dish,1,0,0,0,0,4,34
pheasant,pheasant,33,7,0,0,0,0,0
phone,phone,0,0,0,1,0,2,29
phone booth,phone_booth,1,0,0,0,1,1,35
photo booth,photo_booth,0,0,0,0,1,7,28
photograph,photograph,0,0,0,0,2,7,29
piano,piano,0,0,0,1,0,4,34
pickax,pickax,0,0,0,0,1,8,28
pickle,pickle,6,4,4,1,11,6,6
pie,pie,1,0,0,2,1,7,27
piecrust,piecrust,1,0,0,0,3,8,27
pig,pig,31,7,0,0,0,0,0
pigeon,pigeon,36,1,1,0,0,1,0
piggy bank,piggy_bank,0,0,0,0,1,2,35
piglet,piglet,32,3,1,0,0,0,0
pill,pill,0,0,0,0,0,4,34
pillbox,pillbox,0,0,1,0,0,3,33
pillow,pillow,0,0,0,0,0,4,32
pin,pin,0,0,0,0,0,2,34
pinball,pinball,0,1,0,0,1,4,33
pincushion,pincushion,0,0,0,0,2,5,27
pine needle,pine_needle,29,8,0,1,0,1,1
pine tree,pine_tree,30,5,0,0,0,0,2
pineapple,pineapple,22,9,1,3,1,1,0
pinecone,pinecone,34,2,1,0,2,0,0
ping-pong table,ping-pong_table,0,0,0,0,0,5,34
pinwheel,pinwheel,0,0,0,0,0,6,32
pipe,pipe1,0,0,0,0,2,8,27
pipe,pipe2,1,0,0,1,0,8,26
pistachio,pistachio,25,9,1,1,0,0,0
pita,pita,0,1,0,0,2,13,23
pitcher,pitcher,0,0,0,0,0,9,28
pitchfork,pitchfork,1,0,2,2,2,2,27
pizza,pizza,0,0,0,0,1,3,36
place mat,place_mat,0,0,1,0,2,6,28
plant,plant,34,3,0,0,0,0,0
plaster cast,plaster_cast,0,0,1,0,1,7,29
plastic film,plastic_film,1,0,0,0,0,7,29
plate,plate,0,0,0,0,0,8,29
platypus,platypus,32,2,0,0,1,0,2
playing card,playing_card,0,1,0,0,1,4,29
playpen,playpen,2,0,0,0,0,5,32
pliers,pliers,0,0,0,1,2,4,31
plug,plug,0,0,0,0,0,5,33
plum,plum,24,6,2,4,1,0,2
plunger,plunger,0,1,0,0,0,9,27
pocket,pocket,1,0,0,0,0,4,31
pocket watch,pocket_watch,1,0,1,0,1,4,30
pocketknife,pocketknife,0,1,0,0,0,13,22
pogo stick,pogo_stick,0,0,0,0,0,2,35
poinsettia,poinsettia,31,5,1,0,2,0,1
poker,poker,0,1,0,0,4,8,26
polar bear,polar_bear,33,1,0,0,0,1,0
polaroid,polaroid,1,0,0,0,1,5,32
pole,pole,0,0,0,0,0,8,31
police car,police_car,0,0,0,0,0,7,32
polisher,polisher,0,2,0,0,0,3,33
polo shirt,polo_shirt,0,0,0,0,2,4,31
polygraph,polygraph,0,0,0,0,0,3,34
pom-pom,pom-pom,0,0,0,0,1,5,34
pomegranate,pomegranate,28,7,0,0,0,0,0
pony,pony,29,5,1,0,1,0,0
poodle,poodle,26,5,2,0,3,0,1
pool table,pool_table,0,0,0,0,0,4,35
popcorn,popcorn,3,0,2,2,10,7,12
poppy,poppy,26,4,2,1,0,3,0
popsicle,popsicle,1,0,0,0,0,13,24
porcupine,porcupine,35,2,0,0,0,0,0
porthole,porthole,0,0,1,0,0,6,28
possum,possum,34,4,0,1,0,0,0
poster,poster,0,0,0,1,0,6,28
pot,pot,0,0,0,2,1,3,31
potato,potato,24,12,0,0,0,0,1
potholder,potholder,0,0,0,0,0,8,29
pothole,pothole,3,0,2,3,6,5,14
potpie,potpie,0,0,0,0,2,7,25
potpourri,potpourri,0,1,3,4,11,13,5
powder,powder,0,3,3,5,13,7,7
power line,power_line,0,0,0,1,1,1,34
praying mantis,praying_mantis,35,2,0,0,0,0,0
pretzel,pretzel,0,0,0,1,3,3,32
printer,printer,1,0,0,0,0,3,34
prism,prism,2,4,3,5,4,8,10
projector,projector,0,0,0,0,1,5,34
propeller,propeller,0,0,0,0,2,6,29
prune,prune,13,11,4,1,6,2,1
puck,puck,0,0,0,0,2,8,29
pudding,pudding,1,0,0,0,3,6,29
puddle,puddle,17,9,2,7,0,0,0
puffin,puffin,35,2,1,0,0,1,0
pug,pug,23,7,0,1,1,3,2
pulley,pulley,0,0,0,0,0,2,37
pulpit,pulpit,0,1,0,0,1,3,33
pump,pump,0,0,1,0,1,6,31
pumpkin,pumpkin,26,8,0,0,0,1,2
punch,punch1,0,0,0,1,3,11,23
punch,punch2,0,0,0,0,0,2,34
punching bag,punching_bag,0,0,0,1,0,4,32
puppet,puppet,0,0,0,0,0,5,33
puppy,puppy,33,2,0,0,0,0,0
purse,purse,1,0,0,3,1,1,30
quad,quad,0,0,0,0,0,4,33
quesadilla,quesadilla,1,0,0,2,2,5,27
quiche,quiche,1,0,0,0,3,9,24
quill,quill,3,2,3,2,9,11,9
quilt,quilt,0,0,0,0,1,7,27
rabbit,rabbit,31,4,0,1,0,0,0
raccoon,raccoon,31,2,1,2,0,0,1
racehorse,racehorse,24,5,5,0,4,2,0
rack,rack1,2,0,0,0,1,4,30
rack,rack2,0,0,0,0,1,9,30
racket,racket,0,0,0,0,0,4,30
radar,radar,0,0,0,0,2,1,29
radiator,radiator,1,0,0,0,0,4,29
radio,radio,0,0,0,0,2,3,34
radish,radish,24,7,3,1,0,2,1
raft,raft,0,1,0,0,1,7,31
rag,rag,1,0,0,2,2,6,26
railing,railing,0,1,0,0,0,5,30
rain gauge,rain_gauge,0,0,0,1,2,6,29
raincoat,raincoat,2,2,1,0,1,5,25
raisin,raisin,12,7,3,1,8,4,2
rake,rake,0,0,0,0,0,4,33
ram,ram,33,6,0,0,0,0,0
ramp,ramp,0,1,0,0,1,1,35
raspberry,raspberry,29,7,0,0,0,2,1
rat,rat,36,2,0,0,0,0,1
ratchet,ratchet,1,0,1,0,1,7,29
rattle,rattle,0,1,1,0,0,6,28
rattlesnake,rattlesnake,39,0,0,0,0,0,0
ravioli,ravioli,0,0,0,0,0,9,29
razor,razor,0,1,0,0,0,5,33
razor blade,razor_blade,0,0,1,0,1,4,32
ready meal,ready_meal,2,0,0,0,5,9,22
rearview mirror,rearview_mirror,0,0,0,0,1,5,32
recliner,recliner,1,0,0,0,0,3,35
record,record,0,0,0,0,1,3,34
record player,record_player,1,0,0,0,1,5,29
recorder,recorder,1,0,0,0,1,7,28
red carpet,red_carpet,0,0,0,0,0,4,35
reel,reel,0,0,0,3,2,4,27
refrigerator,refrigerator,0,0,0,1,2,5,30
reindeer,reindeer,33,2,0,0,1,0,2
remote control,remote_control,0,0,1,0,0,6,29
retainer,retainer,0,0,0,0,1,4,28
revolver,revolver,0,0,0,0,1,4,34
revolving door,revolving_door,1,1,0,0,0,4,32
rhinoceros,rhinoceros,32,3,0,0,0,0,0
rhubarb,rhubarb,25,7,0,0,2,0,3
ribbon,ribbon,0,0,0,0,1,7,30
rice,rice,13,8,5,5,3,0,5
rickshaw,rickshaw,0,0,2,0,1,5,30
rifle,rifle,0,0,1,0,0,10,27
rim,rim,0,0,0,1,0,5,31
ring,ring,0,0,0,0,2,3,32
riser,riser,0,0,0,1,0,7,30
road sign,road_sign,1,0,0,0,1,5,30
roadsweeper,roadsweeper,1,0,0,0,3,2,33
robe,robe,0,0,0,1,3,6,28
robot,robot,0,1,1,0,0,3,35
rock,rock,30,5,0,0,0,0,0
rocket,rocket,0,0,1,0,1,4,31
rocking chair,rocking_chair,0,0,0,0,0,5,30
rocking horse,rocking_horse,1,0,0,0,1,3,34
roll,roll,0,0,1,0,3,12,21
roller,roller,0,1,0,0,1,4,31
roller coaster,roller_coaster,0,0,0,0,0,4,34
rollerblade,rollerblade,0,0,0,0,1,3,33
rollerskate,rollerskate,1,0,0,0,1,1,33
rolling pin,rolling_pin,0,0,0,0,1,10,25
roof rack,roof_rack,1,0,0,0,0,4,32
rooster,rooster,33,3,0,2,0,1,0
root,root,35,3,1,0,0,1,0
rope,rope,0,0,0,2,4,7,27
rosary,rosary,0,0,0,1,0,8,27
rose,rose,27,10,1,0,1,0,0
roulette wheel,roulette_wheel,0,0,0,0,0,1,35
router,router,0,0,0,1,0,4,32
rubber band,rubber_band,0,0,0,0,2,6,31
ruby,ruby,14,10,4,4,4,1,1
rudder,rudder,0,0,0,0,0,6,31
rug,rug,0,0,0,0,0,4,35
ruler,ruler,0,0,0,0,0,8,30
rust,rust,18,10,5,3,0,1,1
saddle,saddle,1,0,0,1,0,5,31
safety pin,safety_pin,0,0,0,0,1,2,35
saffron,saffron,17,12,5,2,1,2,0
sail,sail,0,0,0,2,0,3,33
sailboat,sailboat,0,0,0,0,2,3,31
salad,salad,4,1,1,1,10,4,17
salami,salami,1,1,1,1,7,8,17
saltshaker,saltshaker,0,0,0,2,0,7,29
sand,sand,29,4,1,0,0,3,1
sandal,sandal,0,0,0,0,0,6,27
sandbag,sandbag,1,0,0,0,4,12,22
sandbox,sandbox,0,0,0,0,2,16,19
sandcastle,sandcastle,0,0,0,0,5,7,24
sandpaper,sandpaper,1,2,2,0,2,8,24
sandwich,sandwich,0,0,0,0,2,12,26
sarcophagus,sarcophagus,0,0,0,0,0,7,28
sardine,sardine,20,9,2,2,1,0,2
satellite,satellite,0,0,0,0,1,2,35
satellite dish,satellite_dish,0,0,1,0,0,4,30
sauce,sauce,0,0,0,1,1,14,20
saucer,saucer,1,0,0,0,2,9,26
sauerkraut,sauerkraut,0,1,2,4,8,14,7
sausage,sausage,3,3,2,1,6,9,15
saw,saw,1,0,2,0,0,4,32
sawhorse,sawhorse,0,0,0,0,1,11,28
saxophone,saxophone,1,0,0,0,2,8,29
scaffold,scaffold,1,0,0,0,2,9,25
scaffolding,scaffolding,0,0,1,0,1,5,31
scale,scale,0,0,0,0,1,7,29
scallion,scallion,26,4,0,1,2,0,2
scallop,scallop,19,4,4,0,1,5,1
scalpel,scalpel,0,1,0,0,0,2,32
scanner,scanner,0,0,0,0,1,3,33
scarecrow,scarecrow,0,0,0,0,1,6,33
scarf,scarf,0,0,0,0,1,6,32
school bus,school_bus,2,1,0,0,0,3,31
scissors,scissors,2,0,0,0,1,6,27
scone,scone,0,0,0,0,2,5,32
scoop,scoop,0,1,0,0,0,2,34
scooter,scooter,0,0,0,0,1,7,27
scoreboard,scoreboard,0,1,0,0,1,3,30
scorpion,scorpion,31,3,0,1,0,1,0
scrabble,scrabble,1,1,0,0,1,6,28
scrambled egg,scrambled_egg,3,1,3,1,7,10,12
scraper,scraper,0,0,0,0,1,6,31
screen,screen1,2,1,0,1,0,4,30
screen,screen2,0,0,1,0,1,4,33
screw,screw,1,1,1,0,0,1,33
screwdriver,screwdriver,0,2,0,0,0,7,30
scuba,scuba,1,0,0,1,0,3,32
sea urchin,sea_urchin,37,3,0,0,0,0,0
seafood,seafood,21,7,0,3,4,2,0
seagull,seagull,37,1,0,1,0,0,1
seahorse,seahorse,36,2,1,1,0,0,0
seal,seal,31,2,1,0,0,0,0
seaplane,seaplane,1,0,0,0,0,1,35
seatbelt,seatbelt,0,0,0,0,0,7,28
seaweed,seaweed,35,1,0,0,2,0,0
seed,seed,26,6,2,0,0,1,1
seesaw,seesaw,0,0,0,0,2,3,33
seismograph,seismograph,0,0,0,0,1,3,35
sequin,sequin,0,0,0,0,0,7,32
sewage,sewage,2,0,1,3,1,10,22
sewing kit,sewing_kit,0,0,0,0,0,5,29
sewing machine,sewing_machine,1,0,0,0,2,4,32
shaker,shaker,0,0,0,0,1,6,32
shark,shark,38,0,0,0,1,0,1
shaving cream,shaving_cream,0,0,0,0,0,7,33
shawl,shawl,0,0,0,0,1,3,34
shears,shears,0,0,0,1,1,4,30
sheath,sheath,0,1,0,0,0,6,31
sheep,sheep,30,4,1,0,1,1,0
sheet,sheet,1,0,0,0,1,8,28
shelf,shelf,0,0,0,0,1,4,30
shell,shell1,0,0,0,0,1,6,30
shell,shell2,30,6,0,0,0,0,1
shell,shell3,28,6,1,1,0,0,0
shield,shield,0,0,1,0,0,8,28
ship,ship,0,1,0,0,1,3,32
shirt,shirt,0,0,0,0,1,5,32
shoe,shoe,0,0,0,0,0,8,27
shoe polish,shoe_polish,0,0,0,0,1,11,24
shoehorn,shoehorn,1,0,0,0,0,7,26
shoelace,shoelace,0,0,0,0,2,8,28
shopping basket,shopping_basket,1,0,0,0,1,5,31
shopping cart,shopping_cart,0,0,0,0,2,4,33
shortbread,shortbread,0,0,0,0,1,4,31
shorts,shorts,1,1,0,0,0,7,29
shoulder,shoulder,29,1,2,1,1,1,4
shovel,shovel,1,0,0,0,0,1,37
shower,shower,0,0,0,1,1,8,25
shower cap,shower_cap,0,0,0,1,0,6,31
shower curtain,shower_curtain,1,0,1,0,0,4,32
showerhead,showerhead,0,0,0,2,1,5,31
shredder,shredder,0,0,0,1,1,3,32
shrimp,shrimp,33,4,0,0,0,0,0
shuffleboard,shuffleboard,0,0,0,0,0,6,33
shutter,shutter,0,0,0,1,1,9,24
sickle,sickle,0,0,0,0,0,9,28
sidecar,sidecar,0,0,0,0,1,0,34
sifter,sifter,0,1,0,0,1,2,30
silicone,silicone,0,0,1,0,3,8,26
silverware,silverware,0,0,1,0,1,4,33
sim card,sim_card,1,0,0,0,0,6,31
sink,sink,0,0,0,0,0,5,32
siren,siren,1,0,0,0,0,4,31
skateboard,skateboard,1,0,0,1,0,5,32
skeleton,skeleton,21,6,1,2,2,2,2
skewer,skewer,0,1,0,0,6,11,19
ski,ski,0,0,0,0,2,1,34
ski boots,ski_boots,0,1,0,0,3,2,30
ski lift,ski_lift,0,1,1,0,1,5,31
ski pole,ski_pole,0,0,0,0,1,5,31
skin,skin,22,4,2,3,4,1,1
skirt,skirt,0,0,0,3,0,2,34
skull,skull,26,6,3,1,0,0,0
skunk,skunk,37,0,1,0,0,0,0
sled,sled,1,1,0,0,1,8,28
sledgehammer,sledgehammer,0,0,0,1,0,5,31
sleeping bag,sleeping_bag,0,0,1,0,1,4,30
slicer,slicer,0,1,1,1,1,4,32
slide,slide,1,0,0,0,1,6,31
slime,slime,0,0,1,1,4,8,24
sling,sling,1,0,0,0,2,7,28
slingshot,slingshot,0,0,0,0,0,5,33
slipper,slipper,0,0,0,0,1,1,34
slot,slot,2,0,0,2,1,8,25
slot machine,slot_machine,0,2,0,0,2,2,30
sloth,sloth,36,1,0,0,0,0,0
slug,slug,35,2,1,1,0,0,0
smoke alarm,smoke_alarm,1,0,0,1,0,4,33
smoothie,smoothie,0,0,0,1,3,8,25
snack,snack,0,0,0,0,9,12,18
snail,snail,30,6,0,0,1,1,0
snake,snake,33,4,0,0,0,1,1
snorkel,snorkel,1,1,0,0,1,5,30
snow,snow,31,3,3,1,0,0,0
snowball,snowball,4,2,3,2,12,4,11
snowboard,snowboard,0,1,2,0,0,2,33
snowman,snowman,0,0,0,1,1,7,28
snowmobile,snowmobile,1,1,1,0,0,2,33
snowplow,snowplow,0,1,0,0,1,3,29
snowshoe,snowshoe,0,0,0,0,0,7,31
snowsuit,snowsuit,0,0,0,0,0,7,32
soap,soap,0,0,0,0,5,10,24
soccer ball,soccer_ball,1,0,1,1,0,4,29
sock,sock,0,0,0,2,0,5,31
soda,soda,0,0,0,0,1,8,30
soda fountain,soda_fountain,0,0,0,0,0,3,34
sofa bed,sofa_bed,0,0,0,0,0,6,32
solar panel,solar_panel,1,0,0,0,1,5,31
soldering iron,soldering_iron,0,0,1,0,0,4,31
sombrero,sombrero,0,0,0,0,2,5,32
sonogram,sonogram,0,2,0,5,3,5,23
sorbet,sorbet,0,2,0,1,4,11,20
souffle,souffle,0,0,0,0,1,9,29
soup,soup,0,0,0,0,4,7,25
soy sauce,soy_sauce,1,1,0,1,3,10,22
space shuttle,space_shuttle,0,0,0,2,0,5,31
spacesuit,spacesuit,0,1,0,0,1,4,32
spaghetti,spaghetti,0,1,0,1,3,12,21
spam,spam,1,0,0,2,4,5,25
spareribs,spareribs,5,7,5,4,4,5,6
spark plug,spark_plug,0,0,0,0,0,4,35
sparkler,sparkler,0,0,0,1,3,7,26
spatula,spatula,0,0,0,0,0,5,31
speaker,speaker,0,0,1,0,1,3,35
spear,spear,0,0,0,0,1,8,29
speedboat,speedboat,0,0,0,0,0,3,33
speedometer,speedometer,0,0,0,2,1,2,31
spider,spider,35,2,0,0,1,0,0
spider web,spider_web,28,6,0,1,1,1,0
spinach,spinach,25,7,2,0,2,0,0
splinter,splinter,10,10,2,6,2,3,1
sponge,sponge,11,8,1,5,2,4,6
spool,spool,1,0,0,0,1,6,29
spoon,spoon,0,1,0,0,0,4,32
spout,spout,0,0,0,1,0,9,29
spring roll,spring_roll,0,0,0,0,3,10,24
springboard,springboard,0,0,0,0,1,5,32
sprinkler,sprinkler,0,1,0,0,0,8,30
sprouts,sprouts,21,8,1,1,0,2,4
spur,spur,0,0,0,0,0,2,37
squash,squash,27,8,1,0,2,0,0
squeegee,squeegee,0,0,0,0,1,7,30
squid,squid,32,7,0,0,0,1,0
squirrel,squirrel,31,6,0,0,0,1,1
squirt gun,squirt_gun,0,1,0,0,0,2,35
stained glass,stained_glass,1,0,0,0,0,4,29
stair,stair,0,0,0,1,2,8,24
stake,stake,0,0,0,1,3,6,29
stalagmite,stalagmite,31,3,1,1,0,0,0
stamp,stamp1,0,0,0,0,1,5,33
stamp,stamp2,1,0,0,0,0,5,31
staple,staple,0,1,0,0,0,4,35
staple gun,staple_gun,0,0,0,0,3,6,23
stapler,stapler,0,0,0,0,2,6,31
star fruit,star_fruit,26,5,2,1,1,2,1
starfish,starfish,34,3,1,0,0,1,1
station wagon,station_wagon,0,0,0,0,1,3,35
statue,statue,0,0,0,0,0,7,30
steak,steak,6,7,3,1,9,3,8
steamroller,steamroller,0,0,0,0,1,5,33
steering wheel,steering_wheel,0,0,0,0,0,1,34
stem,stem,31,4,1,0,0,1,1
step stool,step_stool,1,0,1,1,1,4,29
stereo,stereo,0,1,0,0,0,7,30
stethoscope,stethoscope,0,0,1,1,1,6,29
stew,stew,0,0,2,0,4,8,24
stick,stick,30,7,2,0,1,0,0
sticker,sticker,0,1,0,0,1,5,30
stiletto,stiletto,0,0,0,0,2,6,28
stilt,stilt,0,0,1,0,1,9,24
stingray,stingray,31,5,0,0,1,0,0
stir fry,stir_fry,1,2,0,1,0,5,30
stirrup,stirrup,0,0,1,0,0,9,26
stockings,stockings,0,1,0,1,0,8,28
stomach,stomach,29,1,1,1,1,1,3
stool,stool,0,0,0,0,1,5,31
stopwatch,stopwatch,0,0,0,0,2,1,34
stove,stove1,1,0,0,0,1,3,31
stove,stove2,0,1,0,0,1,7,31
straightjacket,straightjacket,0,0,0,0,0,3,34
strainer,strainer,0,2,0,0,2,9,24
strap,strap,0,0,0,0,0,4,33
straw,straw1,13,12,4,1,7,0,2
straw,straw2,1,0,0,0,0,4,33
strawberry,strawberry,31,6,1,0,0,0,0
streetlight,streetlight,0,0,0,0,0,1,36
stretcher,stretcher,0,0,0,0,0,3,34
string cheese,string_cheese,0,0,0,1,5,7,24
stroller,stroller,0,0,0,0,0,5,31
stuffing,stuffing,0,1,1,2,5,8,23
stump,stump,15,9,1,3,9,1,1
submarine,submarine,0,0,0,0,0,3,34
subway,subway,0,0,0,1,1,8,27
sugar cube,sugar_cube,1,1,2,2,7,8,13
suit,suit,0,0,0,0,0,6,31
suitcase,suitcase,0,0,0,0,0,2,36
sundae,sundae,0,0,0,0,2,11,25
sundial,sundial,0,0,0,0,1,7,31
sunflower,sunflower,30,7,2,0,1,0,0
sunglasses,sunglasses,1,1,0,0,0,1,33
sunroof,sunroof,0,0,0,0,1,6,33
surfboard,surfboard,0,0,0,0,1,5,30
sushi,sushi,0,0,0,1,7,15,15
suspenders,suspenders,0,1,1,0,0,7,29
swab,swab,0,0,1,0,2,10,25
swan,swan,35,2,0,0,0,0,0
sweater,sweater,0,2,0,0,0,3,30
sweatsuit,sweatsuit,0,0,0,0,0,4,31
sweeper,sweeper,0,1,0,0,0,5,33
sweet potato,sweet_potato,22,9,3,0,1,0,1
swimming pool,swimming_pool,0,0,1,0,0,8,24
swimsuit,swimsuit,1,0,0,1,0,3,32
swing,swing,0,0,0,0,0,9,30
swing set,swing_set,3,0,0,0,2,6,28
switch,switch,0,2,0,0,0,5,32
swizzle stick,swizzle_stick,0,0,0,0,0,5,30
sword,sword,0,1,0,0,0,6,27
swordfish,swordfish,36,1,0,0,0,1,0
syringe,syringe,0,0,0,0,0,3,34
syrup,syrup,1,3,6,6,9,4,8
t-shirt,t-shirt,0,0,0,0,0,10,27
tab,tab,0,0,1,0,0,1,34
table,table,0,0,1,0,1,13,25
tablecloth,tablecloth,0,0,1,0,1,5,32
tablet,tablet,0,1,0,0,0,4,33
tack,tack,0,0,1,1,1,3,29
tackle,tackle,0,0,0,0,2,5,30
taco,taco,0,1,0,0,1,13,23
tadpole,tadpole,32,4,0,0,1,0,1
taffy,taffy,0,1,1,0,0,7,29
tag,tag,0,0,0,0,0,3,33
taillight,taillight,0,0,0,0,1,2,34
tamale,tamale,0,0,1,0,4,12,18
tambourine,tambourine,0,0,0,0,1,2,30
tank,tank1,0,1,0,2,0,4,32
tank,tank2,1,1,0,0,1,5,27
tape,tape,1,1,0,0,0,5,32
tape measure,tape_measure,0,0,0,0,1,4,33
tape recorder,tape_recorder,0,1,0,1,0,3,32
tapestry,tapestry,0,0,0,1,0,10,28
tarantula,tarantula,37,2,0,0,1,0,0
target,target,0,0,0,0,1,6,30
tarp,tarp,0,0,0,0,1,1,36
tattoo,tattoo,0,0,0,0,2,10,28
taxi,taxi,0,0,0,0,0,8,31
tea,tea,3,0,5,2,9,10,7
teabag,teabag,1,0,0,1,3,12,20
teacup,teacup,0,0,0,0,1,6,31
teapot,teapot,0,0,0,0,0,5,31
teddy bear,teddy_bear,0,0,0,0,3,2,30
tee,tee,1,0,0,0,0,4,34
teepee,teepee,0,0,0,0,1,7,29
telegraph,telegraph,1,0,0,0,2,5,31
telephone pole,telephone_pole,0,0,0,0,1,5,31
telescope,telescope,0,1,0,0,1,5,31
television,television,1,0,0,0,1,2,36
tennis ball,tennis_ball,0,0,0,0,0,4,35
tent,tent,0,0,1,0,0,7,29
terrarium,terrarium,0,0,0,1,2,12,22
test tube,test_tube,0,0,0,0,2,4,33
thermometer,thermometer,0,0,0,0,0,5,31
thermos,thermos,0,1,0,0,1,5,31
thermostat,thermostat,1,1,0,1,0,4,26
thimble,thimble,0,0,0,1,1,7,28
thorn,thorn,26,4,2,0,0,0,0
thread,thread,0,0,0,1,7,11,20
throne,throne,0,0,0,0,2,5,31
thumb,thumb,27,4,1,1,0,3,4
thumbtack,thumbtack,1,1,0,0,0,9,25
tiara,tiara,0,1,0,0,0,7,29
tick,tick,30,3,1,1,0,0,1
ticktacktoe,ticktacktoe,0,0,0,1,0,5,33
tie,tie,0,0,0,0,1,6,30
tiger,tiger,34,2,0,0,0,0,1
tile,tile,0,1,1,0,2,8,24
timer,timer,0,0,0,1,0,2,36
tinsel,tinsel,0,0,0,0,1,4,29
tiramisu,tiramisu,1,0,0,0,3,7,28
toad,toad,36,2,0,0,0,0,0
toast,toast,1,0,0,0,3,10,23
toaster,toaster,0,0,0,0,1,5,32
toaster oven,toaster_oven,0,0,1,1,1,5,30
toe,toe,27,2,0,0,2,3,2
toga,toga,0,0,0,2,3,7,24
toilet,toilet,2,0,0,0,1,4,27
toilet paper,toilet_paper,0,2,0,0,3,4,28
tomato,tomato,20,11,3,0,2,1,0
tomato sauce,tomato_sauce,0,0,1,2,4,14,15
tongs,tongs,0,0,0,0,2,4,28
tongue,tongue,27,4,0,1,1,2,1
tool,tool,1,0,0,0,3,6,28
toolbox,toolbox,0,0,1,0,3,5,30
tooth,tooth,25,5,2,2,1,2,1
toothbrush,toothbrush,0,1,0,0,0,5,32
toothpaste,toothpaste,0,0,1,1,1,7,28
toothpick,toothpick,1,0,0,1,2,9,25
top hat,top_hat,1,0,0,0,0,5,30
torch,torch,0,0,0,0,2,13,22
torpedo,torpedo,0,0,0,0,0,2,32
torso,torso,14,9,1,2,4,5,2
tortellini,tortellini,0,0,0,2,4,7,23
tortilla,tortilla,0,0,0,0,4,9,21
tostada,tostada,0,0,0,0,4,7,26
totem pole,totem_pole,0,0,0,1,1,10,22
toucan,toucan,34,2,0,0,0,0,1
touchpad,touchpad,0,0,0,0,1,3,33
towel,towel,0,0,0,0,0,9,26
towel rack,towel_rack,0,0,0,0,2,9,26
toy,toy,1,1,0,0,1,7,29
tractor,tractor,2,0,1,0,0,5,30
traffic light,traffic_light,0,0,0,1,0,7,31
trailer,trailer,0,0,1,0,2,5,30
train,train,0,0,1,0,2,2,30
train car,train_car,0,0,0,1,0,3,32
train set,train_set,0,0,0,1,1,6,32
trampoline,trampoline,0,1,1,0,1,6,29
trap,trap,0,0,0,0,1,8,30
trapdoor,trapdoor,0,0,0,0,2,2,35
trashcan,trashcan,0,0,2,2,1,3,31
tray,tray,1,0,1,0,0,6,27
treadmill,treadmill,0,0,1,0,0,3,36
treasure,treasure,0,0,4,3,14,5,13
tree,tree,29,4,2,1,2,0,1
tree trunk,tree_trunk,34,2,0,1,0,0,2
triangle,triangle,0,0,0,1,1,4,33
tricycle,tricycle,0,0,1,0,0,4,33
trident,trident,0,0,0,1,0,6,32
trigger,trigger,2,0,0,0,0,2,35
tripod,tripod,0,0,0,0,0,3,34
trolley,trolley,0,0,0,1,1,1,32
trombone,trombone,0,0,0,0,0,6,32
trophy,trophy,1,0,0,0,2,3,32
trough,trough,2,0,0,1,1,13,22
trowel,trowel,0,0,0,1,0,7,32
truck,truck,2,0,0,0,0,3,32
trumpet,trumpet,0,1,0,1,0,6,31
trunk,trunk,0,0,0,0,1,4,29
tuba,tuba,0,0,1,0,3,5,30
tube top,tube_top,0,0,0,1,0,8,27
tugboat,tugboat,0,0,0,0,1,1,37
tulip,tulip,27,5,3,1,1,0,0
tumbleweed,tumbleweed,32,3,0,2,1,0,1
tuning fork,tuning_fork,0,1,0,0,1,6,29
tupperware,tupperware,0,1,0,0,0,6,31
turban,turban,0,0,0,0,3,6,28
turbine,turbine,0,0,0,0,1,5,30
turf,turf,4,8,2,3,6,6,8
turkey,turkey,34,0,0,0,2,1,0
turnstile,turnstile,1,1,1,0,0,2,33
turntable,turntable,1,0,0,0,0,3,36
turtle,turtle,37,0,0,1,0,1,0
turtleneck,turtleneck,0,1,0,0,0,6,27
tuxedo,tuxedo,0,0,1,0,3,7,28
tweezers,tweezers,1,0,0,0,2,3,31
twig,twig,30,7,0,1,0,0,0
typewriter,typewriter,1,0,1,1,0,2,29
ukulele,ukulele,0,0,0,0,0,5,32
umbrella,umbrella,0,1,0,0,0,4,34
undershirt,undershirt,0,0,0,0,0,6,33
underwear,underwear,0,1,0,1,1,7,28
unicycle,unicycle,0,0,0,0,1,2,36
uniform,uniform,1,0,0,0,1,4,31
urinal,urinal,0,0,1,0,0,4,34
urn,urn,1,0,0,0,2,8,28
vacuum,vacuum,1,0,0,0,4,2,30
valve,valve,0,0,0,1,2,7,25
van,van,0,0,1,0,1,9,27
vase,vase,0,0,0,0,1,3,34
vegetable,vegetable,26,7,1,2,0,0,1
veil,veil,2,0,0,0,1,5,29
velcro,velcro,2,0,0,0,0,5,29
vending machine,vending_machine,0,2,1,0,0,4,29
vent,vent,0,0,0,0,2,6,30
vest,vest,0,0,0,0,0,7,30
vial,vial,0,0,0,0,0,4,33
videocassette,videocassette,1,0,1,0,0,1,34
videogame,videogame,0,0,0,1,0,9,27
viewfinder,viewfinder,0,0,0,1,0,7,29
violin,violin,0,1,0,0,1,10,26
vise,vise,1,0,2,0,1,6,28
visor,visor,1,0,0,0,1,3,32
volleyball,volleyball,0,1,0,0,1,6,28
vulture,vulture,32,4,0,1,0,0,1
wafer,wafer,0,0,0,1,1,7,28
waffle,waffle,0,0,0,1,3,12,21
waffle iron,waffle_iron,0,0,0,0,1,7,30
wagon,wagon,0,0,0,0,1,4,31
walker,walker1,0,1,0,0,2,4,29
walker,walker2,0,1,0,0,0,5,31
wall,wall,0,0,0,0,0,6,31
wallet,wallet,0,0,0,0,1,4,32
wallpaper,wallpaper,0,0,0,0,1,4,33
walnut,walnut,31,4,0,0,1,0,0
walrus,walrus,34,3,0,1,0,0,1
wand,wand,0,0,0,0,2,7,29
warthog,warthog,33,2,1,1,0,1,0
washboard,washboard,0,0,0,0,0,3,35
washcloth,washcloth,0,0,0,1,3,13,20
washing machine,washing_machine,2,0,0,0,0,6,29
wasp,wasp,37,0,0,0,0,0,0
watch,watch,0,1,0,1,0,1,36
water bottle,water_bottle,0,0,1,0,1,7,28
water cooler,water_cooler,1,0,0,0,0,6,33
water filter,water_filter,1,0,1,1,0,3,33
water fountain,water_fountain,0,0,0,0,2,5,28
water heater,water_heater,0,0,0,0,1,4,34
watering can,watering_can,1,0,0,1,0,7,28
watermelon,watermelon,30,6,1,2,0,0,0
waterwheel,waterwheel,0,0,0,0,0,6,30
wax,wax,3,4,4,8,10,8,3
wax paper,wax_paper,0,0,0,0,3,4,32
weasel,weasel,32,2,0,1,0,0,0
weather vane,weather_vane,0,0,0,0,1,6,32
webcam,webcam,0,0,1,0,1,1,32
wedding cake,wedding_cake,0,0,0,0,1,7,32
wedge,wedge,0,0,0,0,7,13,17
weed,weed,29,7,0,0,0,0,0
wetsuit,wetsuit,0,0,1,0,1,8,27
whale,whale,31,5,0,1,1,0,0
wheat,wheat,21,12,1,0,0,1,2
wheel,wheel,0,0,0,0,1,4,34
wheelbarrow,wheelbarrow,0,2,0,1,0,4,32
wheelchair,wheelchair,0,0,0,0,1,5,33
whip,whip,0,0,0,0,1,8,26
whipped cream,whipped_cream,1,0,1,1,5,9,20
whisk,whisk,0,0,0,0,0,5,32
whistle,whistle,0,0,0,0,0,5,34
whiteboard,whiteboard,1,0,0,1,0,5,32
whoopee cushion,whoopee_cushion,0,0,0,0,0,3,34
wick,wick,0,0,0,0,4,16,17
wig,wig,0,0,0,0,1,5,29
wind chimes,wind_chimes,0,0,1,0,4,8,27
window,window,0,0,0,0,0,7,32
windowsill,windowsill,1,0,0,1,1,8,26
windshield,windshield,1,0,0,0,2,4,30
windshield wiper,windshield_wiper,0,0,1,0,0,5,34
windsock,windsock,0,0,0,0,1,4,32
wine,wine,0,0,0,0,3,7,27
wine bottle,wine_bottle,0,0,0,1,1,5,32
wine cooler,wine_cooler,1,0,0,2,0,10,25
wineglass,wineglass,0,0,1,0,1,3,31
wing,wing,0,0,0,1,0,2,35
wire,wire,0,1,0,0,1,2,34
wire cutters,wire_cutters,0,0,0,1,1,6,31
wok,wok,2,0,0,0,2,6,29
wolf,wolf,35,4,0,0,0,0,0
woman,woman,17,9,2,1,1,4,4
wood,wood,27,4,3,2,2,0,1
wooden leg,wooden_leg,0,0,0,0,1,7,27
workbench,workbench,0,0,0,0,0,8,28
worm,worm,37,1,0,0,0,0,0
wrap,wrap,0,0,0,1,4,6,22
wrapping paper,wrapping_paper,1,1,0,0,1,3,31
wreath,wreath,0,0,0,0,0,8,27
wreck,wreck,5,1,4,4,11,4,8
wrench,wrench,1,0,0,0,0,5,32
wrist,wrist,22,4,1,4,4,1,2
xylophone,xylophone,0,0,0,0,0,7,33
yacht,yacht,1,0,0,1,0,2,33
yak,yak,34,4,1,0,0,0,0
yarn,yarn,0,1,0,0,3,9,22
yo-yo,yo-yo,0,0,0,0,0,6,29
yogurt,yogurt,0,0,2,1,6,11,17
yoke,yoke,0,0,0,0,0,8,26
yolk,yolk,25,8,1,3,0,0,0
zebra,zebra,34,3,1,0,0,0,1
zipper,zipper,0,0,0,0,0,3,32
zucchini,zucchini,27,6,1,2,2,0,1
